id,year,round,date,time,racestarttime,grandPrixId,officialName,qualifyingFormat,sprintQualifyingFormat,circuitId,circuitType,direction,courseLength,turns,laps,distance,scheduledLaps,scheduledDistance,driversChampionshipDecider,constructorsChampionshipDecider,preQualifyingDate,preQualifyingTime,freePractice1Date,freePractice1Time,freePractice2Date,freePractice2Time,freePractice3Date,freePractice3Time,freePractice4Date,freePractice4Time,qualifying1Date,qualifying1Time,qualifying2Date,qualifying2Time,qualifyingDate,qualifyingTime,sprintQualifyingDate,sprintQualifyingTime,sprintRaceDate,sprintRaceTime,warmingUpDate,warmingUpTime
732,2005,1,3/6/2005,14:00:00,3/6/2005 14:00,australia,2005 Formula 1 Foster's Australian Grand Prix,AGGREGATE,,melbourne,STREET,CLOCKWISE,5.303,16,57,302.271,58,307.574,FALSE,FALSE,,,,,,,,,,,,,,,,,,,,,,
733,2005,2,3/20/2005,15:00:00,3/20/2005 15:00,malaysia,2005 Formula 1 Petronas Malaysian Grand Prix,AGGREGATE,,sepang,RACE,CLOCKWISE,5.543,15,56,310.408,,,FALSE,FALSE,,,,,,,,,,,,,,,,,,,,,,
734,2005,3,4/3/2005,14:30:00,4/3/2005 14:30,bahrain,2005 Formula 1 Gulf Air Bahrain Grand Prix,AGGREGATE,,bahrain,RACE,CLOCKWISE,5.412,15,57,308.238,,,FALSE,FALSE,,,,,,,,,,,,,,,,,,,,,,
735,2005,4,4/24/2005,14:00:00,4/24/2005 14:00,san-marino,Formula 1 Gran Premio Foster's di San Marino 2005,AGGREGATE,,imola,RACE,ANTI_CLOCKWISE,4.933,22,62,305.609,,,FALSE,FALSE,,,,,,,,,,,,,,,,,,,,,,
736,2005,5,5/8/2005,14:00:00,5/8/2005 14:00,spain,Formula 1 Gran Premio Marlboro de España 2005,AGGREGATE,,catalunya,RACE,CLOCKWISE,4.627,14,66,305.256,,,FALSE,FALSE,,,,,,,,,,,,,,,,,,,,,,
737,2005,6,5/22/2005,14:00:00,5/22/2005 14:00,monaco,Formula 1 Grand Prix de Monaco 2005,AGGREGATE,,monaco,STREET,CLOCKWISE,3.34,19,78,260.52,,,FALSE,FALSE,,,,,,,,,,,,,,,,,,,,,,
738,2005,7,5/29/2005,14:00:00,5/29/2005 14:00,europe,2005 Formula 1 Grand Prix of Europe,ONE_LAP,,nurburgring,RACE,CLOCKWISE,5.148,15,59,303.732,60,308.88,FALSE,FALSE,,,,,,,,,,,,,,,,,,,,,,
739,2005,8,6/12/2005,13:00:00,6/12/2005 13:00,canada,Formula 1 Grand Prix du Canada 2005,ONE_LAP,,montreal,STREET,CLOCKWISE,4.361,14,70,305.27,,,FALSE,FALSE,,,,,,,,,,,,,,,,,,,,,,
740,2005,9,6/19/2005,14:00:00,6/19/2005 14:00,united-states,2005 Foster's United States Grand Prix,ONE_LAP,,indianapolis,RACE,CLOCKWISE,4.192,13,73,306.016,,,FALSE,FALSE,,,,,,,,,,,,,,,,,,,,,,
741,2005,10,7/3/2005,14:00:00,7/3/2005 14:00,france,Formula 1 Grand Prix de France 2005,ONE_LAP,,magny-cours,RACE,CLOCKWISE,4.411,17,70,308.77,,,FALSE,FALSE,,,,,,,,,,,,,,,,,,,,,,
742,2005,11,7/10/2005,14:00:00,7/10/2005 14:00,great-britain,2005 Formula 1 Foster's British Grand Prix,ONE_LAP,,silverstone,RACE,CLOCKWISE,5.141,17,60,308.355,,,FALSE,FALSE,,,,,,,,,,,,,,,,,,,,,,
743,2005,12,7/24/2005,14:00:00,7/24/2005 14:00,germany,Formula 1 Grosser Mobil 1 Preis von Deutschland 2005,ONE_LAP,,hockenheimring,RACE,CLOCKWISE,4.574,17,67,306.458,,,FALSE,FALSE,,,,,,,,,,,,,,,,,,,,,,
744,2005,13,7/31/2005,14:00:00,7/31/2005 14:00,hungary,Formula 1 Marlboro Magyar Nagydíj 2005,ONE_LAP,,hungaroring,RACE,CLOCKWISE,4.381,14,70,306.663,,,FALSE,FALSE,,,,,,,,,,,,,,,,,,,,,,
745,2005,14,8/21/2005,15:00:00,8/21/2005 15:00,turkey,2005 Formula 1 Turkish Grand Prix,ONE_LAP,,istanbul,RACE,ANTI_CLOCKWISE,5.338,14,58,309.396,,,FALSE,FALSE,,,,,,,,,,,,,,,,,,,,,,
746,2005,15,9/4/2005,14:00:00,9/4/2005 14:00,italy,Formula 1 Gran Premio Vodafone d'Italia 2005,ONE_LAP,,monza,RACE,CLOCKWISE,5.793,11,53,306.72,,,FALSE,FALSE,,,,,,,,,,,,,,,,,,,,,,
747,2005,16,9/11/2005,14:00:00,9/11/2005 14:00,belgium,2005 Formula 1 Belgian Grand Prix,ONE_LAP,,spa-francorchamps,RACE,CLOCKWISE,6.976,19,44,306.927,,,FALSE,FALSE,,,,,,,,,,,,,,,,,,,,,,
748,2005,17,9/25/2005,14:00:00,9/25/2005 14:00,brazil,Formula 1 Grande Prêmio do Brasil 2005,ONE_LAP,,interlagos,RACE,ANTI_CLOCKWISE,4.309,15,71,305.909,,,TRUE,FALSE,,,,,,,,,,,,,,,,,,,,,,
749,2005,18,10/9/2005,14:00:00,10/9/2005 14:00,japan,2005 Formula 1 Fuji Television Japanese Grand Prix,ONE_LAP,,suzuka,RACE,CLOCKWISE,5.807,18,53,307.573,,,FALSE,FALSE,,,,,,,,,,,,,,,,,,,,,,
750,2005,19,10/16/2005,14:00:00,10/16/2005 14:00,china,2005 Formula 1 Sinopec Chinese Grand Prix,ONE_LAP,,shanghai,RACE,CLOCKWISE,5.451,16,56,305.066,,,FALSE,TRUE,,,,,,,,,,,,,,,,,,,,,,
751,2006,1,3/12/2006,14:30:00,3/12/2006 14:30,bahrain,2006 Formula 1 Gulf Air Bahrain Grand Prix,KNOCKOUT,,bahrain,RACE,CLOCKWISE,5.412,15,57,308.238,,,FALSE,FALSE,,,,,,,,,,,,,,,,,,,,,,
752,2006,2,3/19/2006,15:00:00,3/19/2006 15:00,malaysia,2006 Formula 1 Petronas Malaysian Grand Prix,KNOCKOUT,,sepang,RACE,CLOCKWISE,5.543,15,56,310.408,,,FALSE,FALSE,,,,,,,,,,,,,,,,,,,,,,
753,2006,3,4/2/2006,14:00:00,4/2/2006 14:00,australia,2006 Formula 1 Foster's Australian Grand Prix,KNOCKOUT,,melbourne,STREET,CLOCKWISE,5.303,16,57,302.271,58,307.574,FALSE,FALSE,,,,,,,,,,,,,,,,,,,,,,
754,2006,4,4/23/2006,14:00:00,4/23/2006 14:00,san-marino,Formula 1 Gran Premio Foster's di San Marino 2006,KNOCKOUT,,imola,RACE,ANTI_CLOCKWISE,4.933,22,62,305.609,,,FALSE,FALSE,,,,,,,,,,,,,,,,,,,,,,
755,2006,5,5/7/2006,14:00:00,5/7/2006 14:00,europe,2006 Formula 1 Grand Prix of Europe,KNOCKOUT,,nurburgring,RACE,CLOCKWISE,5.148,15,60,308.88,,,FALSE,FALSE,,,,,,,,,,,,,,,,,,,,,,
756,2006,6,5/14/2006,14:00:00,5/14/2006 14:00,spain,Formula 1 Gran Premio Telefónica de España 2006,KNOCKOUT,,catalunya,RACE,CLOCKWISE,4.627,14,66,305.256,,,FALSE,FALSE,,,,,,,,,,,,,,,,,,,,,,
757,2006,7,5/28/2006,14:00:00,5/28/2006 14:00,monaco,Formula 1 Grand Prix de Monaco 2006,KNOCKOUT,,monaco,STREET,CLOCKWISE,3.34,19,78,260.52,,,FALSE,FALSE,,,,,,,,,,,,,,,,,,,,,,
758,2006,8,6/11/2006,12:00:00,6/11/2006 12:00,great-britain,2006 Formula 1 Foster's British Grand Prix,KNOCKOUT,,silverstone,RACE,CLOCKWISE,5.141,17,60,308.355,,,FALSE,FALSE,,,,,,,,,,,,,,,,,,,,,,
759,2006,9,6/25/2006,13:00:00,6/25/2006 13:00,canada,Formula 1 Grand Prix du Canada 2006,KNOCKOUT,,montreal,STREET,CLOCKWISE,4.361,14,70,305.27,,,FALSE,FALSE,,,,,,,,,,,,,,,,,,,,,,
760,2006,10,7/2/2006,14:00:00,7/2/2006 14:00,united-states,2006 United States Grand Prix,KNOCKOUT,,indianapolis,RACE,CLOCKWISE,4.192,13,73,306.016,,,FALSE,FALSE,,,,,,,,,,,,,,,,,,,,,,
761,2006,11,7/16/2006,14:00:00,7/16/2006 14:00,france,Formula 1 Grand Prix de France 2006,KNOCKOUT,,magny-cours,RACE,CLOCKWISE,4.411,17,70,308.77,,,FALSE,FALSE,,,,,,,,,,,,,,,,,,,,,,
762,2006,12,7/30/2006,14:00:00,7/30/2006 14:00,germany,Formula 1 Grosser Mobil 1 Preis von Deutschland 2006,KNOCKOUT,,hockenheimring,RACE,CLOCKWISE,4.574,17,67,306.458,,,FALSE,FALSE,,,,,,,,,,,,,,,,,,,,,,
763,2006,13,8/6/2006,14:00:00,8/6/2006 14:00,hungary,Formula 1 Magyar Nagydíj 2006,KNOCKOUT,,hungaroring,RACE,CLOCKWISE,4.381,14,70,306.663,,,FALSE,FALSE,,,,,,,,,,,,,,,,,,,,,,
764,2006,14,8/27/2006,15:00:00,8/27/2006 15:00,turkey,2006 Formula 1 Petrol Ofisi Turkish Grand Prix,KNOCKOUT,,istanbul,RACE,ANTI_CLOCKWISE,5.338,14,58,309.396,,,FALSE,FALSE,,,,,,,,,,,,,,,,,,,,,,
765,2006,15,9/10/2006,14:00:00,9/10/2006 14:00,italy,Formula 1 Gran Premio Vodafone d'Italia 2006,KNOCKOUT,,monza,RACE,CLOCKWISE,5.793,11,53,306.72,,,FALSE,FALSE,,,,,,,,,,,,,,,,,,,,,,
766,2006,16,10/1/2006,14:00:00,10/1/2006 14:00,china,2006 Formula 1 Sinopec Chinese Grand Prix,KNOCKOUT,,shanghai,RACE,CLOCKWISE,5.451,16,56,305.066,,,FALSE,FALSE,,,,,,,,,,,,,,,,,,,,,,
767,2006,17,10/8/2006,14:00:00,10/8/2006 14:00,japan,2006 Formula 1 Fuji Television Japanese Grand Prix,KNOCKOUT,,suzuka,RACE,CLOCKWISE,5.807,18,53,307.573,,,FALSE,FALSE,,,,,,,,,,,,,,,,,,,,,,
768,2006,18,10/22/2006,14:00:00,10/22/2006 14:00,brazil,Formula 1 Grande Prêmio do Brasil 2006,KNOCKOUT,,interlagos,RACE,ANTI_CLOCKWISE,4.309,15,71,305.909,,,TRUE,TRUE,,,,,,,,,,,,,,,,,,,,,,
769,2007,1,3/18/2007,3:00:00,3/18/2007 3:00,australia,2007 Formula 1 ING Australian Grand Prix,KNOCKOUT,,melbourne,STREET,CLOCKWISE,5.303,16,58,307.574,,,FALSE,FALSE,,,,,,,,,,,,,,,,,,,,,,
770,2007,2,4/8/2007,7:00:00,4/8/2007 7:00,malaysia,2007 Formula 1 Petronas Malaysian Grand Prix,KNOCKOUT,,sepang,RACE,CLOCKWISE,5.543,15,56,310.408,,,FALSE,FALSE,,,,,,,,,,,,,,,,,,,,,,
771,2007,3,4/15/2007,11:30:00,4/15/2007 11:30,bahrain,2007 Formula 1 Gulf Air Bahrain Grand Prix,KNOCKOUT,,bahrain,RACE,CLOCKWISE,5.412,15,57,308.238,,,FALSE,FALSE,,,,,,,,,,,,,,,,,,,,,,
772,2007,4,5/13/2007,12:00:00,5/13/2007 12:00,spain,Formula 1 Gran Premio de España Telefónica 2007,KNOCKOUT,,catalunya,RACE,CLOCKWISE,4.655,16,65,302.449,66,307.164,FALSE,FALSE,,,,,,,,,,,,,,,,,,,,,,
773,2007,5,5/27/2007,12:00:00,5/27/2007 12:00,monaco,Formula 1 Grand Prix de Monaco 2007,KNOCKOUT,,monaco,STREET,CLOCKWISE,3.34,19,78,260.52,,,FALSE,FALSE,,,,,,,,,,,,,,,,,,,,,,
774,2007,6,6/10/2007,17:00:00,6/10/2007 17:00,canada,Formula 1 Grand Prix du Canada 2007,KNOCKOUT,,montreal,STREET,CLOCKWISE,4.361,14,70,305.27,,,FALSE,FALSE,,,,,,,,,,,,,,,,,,,,,,
775,2007,7,6/17/2007,17:00:00,6/17/2007 17:00,united-states,2007 RBS United States Grand Prix,KNOCKOUT,,indianapolis,RACE,CLOCKWISE,4.192,13,73,306.016,,,FALSE,FALSE,,,,,,,,,,,,,,,,,,,,,,
776,2007,8,7/1/2007,12:00:00,7/1/2007 12:00,france,Formula 1 Grand Prix de France 2007,KNOCKOUT,,magny-cours,RACE,CLOCKWISE,4.411,17,70,308.77,,,FALSE,FALSE,,,,,,,,,,,,,,,,,,,,,,
777,2007,9,7/8/2007,12:00:00,7/8/2007 12:00,great-britain,2007 Formula 1 Santander British Grand Prix,KNOCKOUT,,silverstone,RACE,CLOCKWISE,5.141,17,59,303.216,60,308.355,FALSE,FALSE,,,,,,,,,,,,,,,,,,,,,,
778,2007,10,7/22/2007,12:00:00,7/22/2007 12:00,europe,2007 Formula 1 Grand Prix of Europe,KNOCKOUT,,nurburgring,RACE,CLOCKWISE,5.148,15,60,308.88,,,FALSE,FALSE,,,,,,,,,,,,,,,,,,,,,,
779,2007,11,8/5/2007,12:00:00,8/5/2007 12:00,hungary,Formula 1 Magyar Nagydíj 2007,KNOCKOUT,,hungaroring,RACE,CLOCKWISE,4.381,14,70,306.663,,,FALSE,FALSE,,,,,,,,,,,,,,,,,,,,,,
780,2007,12,8/26/2007,12:00:00,8/26/2007 12:00,turkey,2007 Formula 1 Petrol Ofisi Turkish Grand Prix,KNOCKOUT,,istanbul,RACE,ANTI_CLOCKWISE,5.338,14,58,309.396,,,FALSE,FALSE,,,,,,,,,,,,,,,,,,,,,,
781,2007,13,9/9/2007,12:00:00,9/9/2007 12:00,italy,Formula 1 Gran Premio d'Italia 2007,KNOCKOUT,,monza,RACE,CLOCKWISE,5.793,11,53,306.72,,,FALSE,FALSE,,,,,,,,,,,,,,,,,,,,,,
782,2007,14,9/16/2007,12:00:00,9/16/2007 12:00,belgium,2007 Formula 1 ING Belgian Grand Prix,KNOCKOUT,,spa-francorchamps,RACE,CLOCKWISE,7.004,19,44,308.052,,,FALSE,TRUE,,,,,,,,,,,,,,,,,,,,,,
783,2007,15,9/30/2007,4:30:00,9/30/2007 4:30,japan,2007 Formula 1 Fuji Television Japanese Grand Prix,KNOCKOUT,,fuji,RACE,CLOCKWISE,4.563,16,67,305.721,,,FALSE,FALSE,,,,,,,,,,,,,,,,,,,,,,
784,2007,16,10/7/2007,6:00:00,10/7/2007 6:00,china,2007 Formula 1 Sinopec Chinese Grand Prix,KNOCKOUT,,shanghai,RACE,CLOCKWISE,5.451,16,56,305.066,,,FALSE,FALSE,,,,,,,,,,,,,,,,,,,,,,
785,2007,17,10/21/2007,16:00:00,10/21/2007 16:00,brazil,Formula 1 Grande Prêmio do Brasil 2007,KNOCKOUT,,interlagos,RACE,ANTI_CLOCKWISE,4.309,15,71,305.909,,,TRUE,FALSE,,,,,,,,,,,,,,,,,,,,,,
786,2008,1,3/16/2008,4:30:00,3/16/2008 4:30,australia,2008 Formula 1 ING Australian Grand Prix,KNOCKOUT,,melbourne,STREET,CLOCKWISE,5.303,16,58,307.574,,,FALSE,FALSE,,,,,,,,,,,,,,,,,,,,,,
787,2008,2,3/23/2008,7:00:00,3/23/2008 7:00,malaysia,2008 Formula 1 Petronas Malaysian Grand Prix,KNOCKOUT,,sepang,RACE,CLOCKWISE,5.543,15,56,310.408,,,FALSE,FALSE,,,,,,,,,,,,,,,,,,,,,,
788,2008,3,4/6/2008,11:30:00,4/6/2008 11:30,bahrain,2008 Formula 1 Gulf Air Bahrain Grand Prix,KNOCKOUT,,bahrain,RACE,CLOCKWISE,5.412,15,57,308.238,,,FALSE,FALSE,,,,,,,,,,,,,,,,,,,,,,
789,2008,4,4/27/2008,12:00:00,4/27/2008 12:00,spain,Formula 1 Gran Premio de España Telefónica 2008,KNOCKOUT,,catalunya,RACE,CLOCKWISE,4.655,16,66,307.104,,,FALSE,FALSE,,,,,,,,,,,,,,,,,,,,,,
790,2008,5,5/11/2008,12:00:00,5/11/2008 12:00,turkey,2008 Formula 1 Petrol Ofisi Turkish Grand Prix,KNOCKOUT,,istanbul,RACE,ANTI_CLOCKWISE,5.338,14,58,309.396,,,FALSE,FALSE,,,,,,,,,,,,,,,,,,,,,,
791,2008,6,5/25/2008,12:00:00,5/25/2008 12:00,monaco,Formula 1 Grand Prix de Monaco 2008,KNOCKOUT,,monaco,STREET,CLOCKWISE,3.34,19,76,253.84,78,260.52,FALSE,FALSE,,,,,,,,,,,,,,,,,,,,,,
792,2008,7,6/8/2008,17:00:00,6/8/2008 17:00,canada,Formula 1 Grand Prix du Canada 2008,KNOCKOUT,,montreal,STREET,CLOCKWISE,4.361,14,70,305.27,,,FALSE,FALSE,,,,,,,,,,,,,,,,,,,,,,
793,2008,8,6/22/2008,12:00:00,6/22/2008 12:00,france,Formula 1 Grand Prix de France 2008,KNOCKOUT,,magny-cours,RACE,CLOCKWISE,4.411,17,70,308.77,,,FALSE,FALSE,,,,,,,,,,,,,,,,,,,,,,
794,2008,9,7/6/2008,12:00:00,7/6/2008 12:00,great-britain,2008 Formula 1 Santander British Grand Prix,KNOCKOUT,,silverstone,RACE,CLOCKWISE,5.141,17,60,308.355,,,FALSE,FALSE,,,,,,,,,,,,,,,,,,,,,,
795,2008,10,7/20/2008,12:00:00,7/20/2008 12:00,germany,Formula 1 Grosser Preis Santander von Deutschland 2008,KNOCKOUT,,hockenheimring,RACE,CLOCKWISE,4.574,17,67,306.458,,,FALSE,FALSE,,,,,,,,,,,,,,,,,,,,,,
796,2008,11,8/3/2008,12:00:00,8/3/2008 12:00,hungary,Formula 1 ING Magyar Nagydíj 2008,KNOCKOUT,,hungaroring,RACE,CLOCKWISE,4.381,14,70,306.63,,,FALSE,FALSE,,,,,,,,,,,,,,,,,,,,,,
797,2008,12,8/24/2008,12:00:00,8/24/2008 12:00,europe,2008 Formula 1 Telefónica Grand Prix of Europe,KNOCKOUT,,valencia,STREET,CLOCKWISE,5.419,25,57,308.883,,,FALSE,FALSE,,,,,,,,,,,,,,,,,,,,,,
798,2008,13,9/7/2008,12:00:00,9/7/2008 12:00,belgium,2008 Formula 1 ING Belgian Grand Prix,KNOCKOUT,,spa-francorchamps,RACE,CLOCKWISE,7.004,19,44,308.052,,,FALSE,FALSE,,,,,,,,,,,,,,,,,,,,,,
799,2008,14,9/14/2008,12:00:00,9/14/2008 12:00,italy,Formula 1 Gran Premio Santander d'Italia 2008,KNOCKOUT,,monza,RACE,CLOCKWISE,5.793,11,53,306.72,,,FALSE,FALSE,,,,,,,,,,,,,,,,,,,,,,
800,2008,15,9/28/2008,12:00:00,9/28/2008 12:00,singapore,2008 Formula 1 SingTel Singapore Grand Prix,KNOCKOUT,,marina-bay,STREET,ANTI_CLOCKWISE,5.073,23,61,309.316,,,FALSE,FALSE,,,,,,,,,,,,,,,,,,,,,,
801,2008,16,10/12/2008,4:30:00,10/12/2008 4:30,japan,2008 Formula 1 Fuji Television Japanese Grand Prix,KNOCKOUT,,fuji,RACE,CLOCKWISE,4.563,16,67,305.721,,,FALSE,FALSE,,,,,,,,,,,,,,,,,,,,,,
802,2008,17,10/19/2008,7:00:00,10/19/2008 7:00,china,2008 Formula 1 Sinopec Chinese Grand Prix,KNOCKOUT,,shanghai,RACE,CLOCKWISE,5.451,16,56,305.066,,,FALSE,FALSE,,,,,,,,,,,,,,,,,,,,,,
803,2008,18,11/2/2008,17:00:00,11/2/2008 17:00,brazil,Formula 1 Grande Prêmio do Brasil 2008,KNOCKOUT,,interlagos,RACE,ANTI_CLOCKWISE,4.309,15,71,305.909,,,TRUE,TRUE,,,,,,,,,,,,,,,,,,,,,,
804,2009,1,3/29/2009,6:00:00,3/29/2009 6:00,australia,2009 Formula 1 ING Australian Grand Prix,KNOCKOUT,,melbourne,STREET,CLOCKWISE,5.303,16,58,307.574,,,FALSE,FALSE,,,,,,,,,,,,,,,,,,,,,,
805,2009,2,4/5/2009,9:00:00,4/5/2009 9:00,malaysia,2009 Formula 1 Petronas Malaysian Grand Prix,KNOCKOUT,,sepang,RACE,CLOCKWISE,5.543,15,31,171.833,56,310.408,FALSE,FALSE,,,,,,,,,,,,,,,,,,,,,,
806,2009,3,4/19/2009,7:00:00,4/19/2009 7:00,china,2009 Formula 1 Chinese Grand Prix,KNOCKOUT,,shanghai,RACE,CLOCKWISE,5.451,16,56,305.066,,,FALSE,FALSE,,,,,,,,,,,,,,,,,,,,,,
807,2009,4,4/26/2009,12:00:00,4/26/2009 12:00,bahrain,2009 Formula 1 Gulf Air Bahrain Grand Prix,KNOCKOUT,,bahrain,RACE,CLOCKWISE,5.412,15,57,308.238,,,FALSE,FALSE,,,,,,,,,,,,,,,,,,,,,,
808,2009,5,5/10/2009,12:00:00,5/10/2009 12:00,spain,Formula 1 Gran Premio de España Telefónica 2009,KNOCKOUT,,catalunya,RACE,CLOCKWISE,4.655,16,66,307.104,,,FALSE,FALSE,,,,,,,,,,,,,,,,,,,,,,
809,2009,6,5/24/2009,12:00:00,5/24/2009 12:00,monaco,Formula 1 Grand Prix de Monaco 2009,KNOCKOUT,,monaco,STREET,CLOCKWISE,3.34,19,78,260.52,,,FALSE,FALSE,,,,,,,,,,,,,,,,,,,,,,
810,2009,7,6/7/2009,12:00:00,6/7/2009 12:00,turkey,2009 Formula 1 ING Turkish Grand Prix,KNOCKOUT,,istanbul,RACE,ANTI_CLOCKWISE,5.338,14,58,309.396,,,FALSE,FALSE,,,,,,,,,,,,,,,,,,,,,,
811,2009,8,6/21/2009,12:00:00,6/21/2009 12:00,great-britain,2009 Formula 1 Santander British Grand Prix,KNOCKOUT,,silverstone,RACE,CLOCKWISE,5.141,17,60,308.355,,,FALSE,FALSE,,,,,,,,,,,,,,,,,,,,,,
812,2009,9,7/12/2009,12:00:00,7/12/2009 12:00,germany,Formula 1 Grosser Preis Santander von Deutschland 2009,KNOCKOUT,,nurburgring,RACE,CLOCKWISE,5.148,15,60,308.863,,,FALSE,FALSE,,,,,,,,,,,,,,,,,,,,,,
813,2009,10,7/26/2009,12:00:00,7/26/2009 12:00,hungary,Formula 1 ING Magyar Nagydíj 2009,KNOCKOUT,,hungaroring,RACE,CLOCKWISE,4.381,14,70,306.63,,,FALSE,FALSE,,,,,,,,,,,,,,,,,,,,,,
814,2009,11,8/23/2009,12:00:00,8/23/2009 12:00,europe,2009 Formula 1 Telefónica Grand Prix of Europe,KNOCKOUT,,valencia,STREET,CLOCKWISE,5.419,25,57,308.883,,,FALSE,FALSE,,,,,,,,,,,,,,,,,,,,,,
815,2009,12,8/30/2009,12:00:00,8/30/2009 12:00,belgium,2009 Formula 1 ING Belgian Grand Prix,KNOCKOUT,,spa-francorchamps,RACE,CLOCKWISE,7.004,19,44,308.052,,,FALSE,FALSE,,,,,,,,,,,,,,,,,,,,,,
816,2009,13,9/13/2009,12:00:00,9/13/2009 12:00,italy,Formula 1 Gran Premio Santander d'Italia 2009,KNOCKOUT,,monza,RACE,CLOCKWISE,5.793,11,53,306.72,,,FALSE,FALSE,,,,,,,,,,,,,,,,,,,,,,
817,2009,14,9/27/2009,12:00:00,9/27/2009 12:00,singapore,2009 Formula 1 SingTel Singapore Grand Prix,KNOCKOUT,,marina-bay,STREET,ANTI_CLOCKWISE,5.073,23,61,309.316,,,FALSE,FALSE,,,,,,,,,,,,,,,,,,,,,,
818,2009,15,10/4/2009,5:00:00,10/4/2009 5:00,japan,2009 Formula 1 Fuji Television Japanese Grand Prix,KNOCKOUT,,suzuka,RACE,CLOCKWISE,5.807,18,53,307.573,,,FALSE,FALSE,,,,,,,,,,,,,,,,,,,,,,
819,2009,16,10/18/2009,16:00:00,10/18/2009 16:00,brazil,Formula 1 Grande Prêmio Petrobras do Brasil 2009,KNOCKOUT,,interlagos,RACE,ANTI_CLOCKWISE,4.309,15,71,305.909,,,TRUE,TRUE,,,,,,,,,,,,,,,,,,,,,,
820,2009,17,11/1/2009,11:00:00,11/1/2009 11:00,abu-dhabi,2009 Formula 1 Etihad Airways Abu Dhabi Grand Prix,KNOCKOUT,,yas-marina,RACE,ANTI_CLOCKWISE,5.554,21,55,305.355,,,FALSE,FALSE,,,,,,,,,,,,,,,,,,,,,,
821,2010,1,3/14/2010,12:00:00,3/14/2010 12:00,bahrain,2010 Formula 1 Gulf Air Bahrain Grand Prix,KNOCKOUT,,bahrain,RACE,CLOCKWISE,6.299,23,49,308.405,,,FALSE,FALSE,,,,,,,,,,,,,,,,,,,,,,
822,2010,2,3/28/2010,6:00:00,3/28/2010 6:00,australia,2010 Formula 1 Qantas Australian Grand Prix,KNOCKOUT,,melbourne,STREET,CLOCKWISE,5.303,16,58,307.574,,,FALSE,FALSE,,,,,,,,,,,,,,,,,,,,,,
823,2010,3,4/4/2010,8:00:00,4/4/2010 8:00,malaysia,2010 Formula 1 Petronas Malaysian Grand Prix,KNOCKOUT,,sepang,RACE,CLOCKWISE,5.543,15,56,310.408,,,FALSE,FALSE,,,,,,,,,,,,,,,,,,,,,,
824,2010,4,4/18/2010,6:00:00,4/18/2010 6:00,china,2010 Formula 1 Chinese Grand Prix,KNOCKOUT,,shanghai,RACE,CLOCKWISE,5.451,16,56,305.066,,,FALSE,FALSE,,,,,,,,,,,,,,,,,,,,,,
825,2010,5,5/9/2010,12:00:00,5/9/2010 12:00,spain,Formula 1 Gran Premio de España Telefónica 2010,KNOCKOUT,,catalunya,RACE,CLOCKWISE,4.655,16,66,307.104,,,FALSE,FALSE,,,,,,,,,,,,,,,,,,,,,,
826,2010,6,5/16/2010,12:00:00,5/16/2010 12:00,monaco,Formula 1 Grand Prix de Monaco 2010,KNOCKOUT,,monaco,STREET,CLOCKWISE,3.34,19,78,260.52,,,FALSE,FALSE,,,,,,,,,,,,,,,,,,,,,,
827,2010,7,5/30/2010,11:00:00,5/30/2010 11:00,turkey,2010 Formula 1 Turkish Grand Prix,KNOCKOUT,,istanbul,RACE,ANTI_CLOCKWISE,5.338,14,58,309.396,,,FALSE,FALSE,,,,,,,,,,,,,,,,,,,,,,
828,2010,8,6/13/2010,16:00:00,6/13/2010 16:00,canada,Formula 1 Grand Prix du Canada 2010,KNOCKOUT,,montreal,STREET,CLOCKWISE,4.361,14,70,305.27,,,FALSE,FALSE,,,,,,,,,,,,,,,,,,,,,,
829,2010,9,6/27/2010,12:00:00,6/27/2010 12:00,europe,2010 Formula 1 Telefónica Grand Prix of Europe,KNOCKOUT,,valencia,STREET,CLOCKWISE,5.419,25,57,308.883,,,FALSE,FALSE,,,,,,,,,,,,,,,,,,,,,,
830,2010,10,7/11/2010,12:00:00,7/11/2010 12:00,great-britain,2010 Formula 1 Santander British Grand Prix,KNOCKOUT,,silverstone,RACE,CLOCKWISE,5.901,18,52,306.747,,,FALSE,FALSE,,,,,,,,,,,,,,,,,,,,,,
831,2010,11,7/25/2010,12:00:00,7/25/2010 12:00,germany,Formula 1 Grosser Preis Santander von Deutschland 2010,KNOCKOUT,,hockenheimring,RACE,CLOCKWISE,4.574,17,67,306.458,,,FALSE,FALSE,,,,,,,,,,,,,,,,,,,,,,
832,2010,12,8/1/2010,12:00:00,8/1/2010 12:00,hungary,Formula 1 Eni Magyar Nagydíj 2010,KNOCKOUT,,hungaroring,RACE,CLOCKWISE,4.381,14,70,306.63,,,FALSE,FALSE,,,,,,,,,,,,,,,,,,,,,,
833,2010,13,8/29/2010,12:00:00,8/29/2010 12:00,belgium,2010 Formula 1 Belgian Grand Prix,KNOCKOUT,,spa-francorchamps,RACE,CLOCKWISE,7.004,19,44,308.052,,,FALSE,FALSE,,,,,,,,,,,,,,,,,,,,,,
834,2010,14,9/12/2010,12:00:00,9/12/2010 12:00,italy,Formula 1 Gran Premio Santander d'Italia 2010,KNOCKOUT,,monza,RACE,CLOCKWISE,5.793,11,53,306.72,,,FALSE,FALSE,,,,,,,,,,,,,,,,,,,,,,
835,2010,15,9/26/2010,12:00:00,9/26/2010 12:00,singapore,2010 Formula 1 SingTel Singapore Grand Prix,KNOCKOUT,,marina-bay,STREET,ANTI_CLOCKWISE,5.073,23,61,309.316,,,FALSE,FALSE,,,,,,,,,,,,,,,,,,,,,,
836,2010,16,10/10/2010,6:00:00,10/10/2010 6:00,japan,2010 Formula 1 Japanese Grand Prix,KNOCKOUT,,suzuka,RACE,CLOCKWISE,5.807,18,53,307.573,,,FALSE,FALSE,,,,,,,,,,,,,,,,,,,,,,
837,2010,17,10/24/2010,5:00:00,10/24/2010 5:00,korea,2010 Formula 1 Korean Grand Prix,KNOCKOUT,,yeongam,RACE,ANTI_CLOCKWISE,5.615,18,55,308.63,,,FALSE,FALSE,,,,,,,,,,,,,,,,,,,,,,
838,2010,18,11/7/2010,16:00:00,11/7/2010 16:00,brazil,Formula 1 Grande Prêmio Petrobras do Brasil 2010,KNOCKOUT,,interlagos,RACE,ANTI_CLOCKWISE,4.309,15,71,305.909,,,FALSE,TRUE,,,,,,,,,,,,,,,,,,,,,,
839,2010,19,11/14/2010,13:00:00,11/14/2010 13:00,abu-dhabi,2010 Formula 1 Etihad Airways Abu Dhabi Grand Prix,KNOCKOUT,,yas-marina,RACE,ANTI_CLOCKWISE,5.554,21,55,305.355,,,TRUE,FALSE,,,,,,,,,,,,,,,,,,,,,,
840,2011,1,3/27/2011,6:00:00,3/27/2011 6:00,australia,2011 Formula 1 Qantas Australian Grand Prix,KNOCKOUT,,melbourne,STREET,CLOCKWISE,5.303,16,58,307.574,,,FALSE,FALSE,,,,,,,,,,,,,,,,,,,,,,
841,2011,2,4/10/2011,8:00:00,4/10/2011 8:00,malaysia,2011 Petronas Malaysia Grand Prix,KNOCKOUT,,sepang,RACE,CLOCKWISE,5.543,15,56,310.408,,,FALSE,FALSE,,,,,,,,,,,,,,,,,,,,,,
842,2011,3,4/17/2011,7:00:00,4/17/2011 7:00,china,2011 Formula 1 UBS Chinese Grand Prix,KNOCKOUT,,shanghai,RACE,CLOCKWISE,5.451,16,56,305.066,,,FALSE,FALSE,,,,,,,,,,,,,,,,,,,,,,
843,2011,4,5/8/2011,12:00:00,5/8/2011 12:00,turkey,2011 Formula 1 DHL Turkish Grand Prix,KNOCKOUT,,istanbul,RACE,ANTI_CLOCKWISE,5.338,14,58,309.396,,,FALSE,FALSE,,,,,,,,,,,,,,,,,,,,,,
844,2011,5,5/22/2011,12:00:00,5/22/2011 12:00,spain,Formula 1 Gran Premio de España Santander 2011,KNOCKOUT,,catalunya,RACE,CLOCKWISE,4.655,16,66,307.104,,,FALSE,FALSE,,,,,,,,,,,,,,,,,,,,,,
845,2011,6,5/29/2011,12:00:00,5/29/2011 12:00,monaco,Formula 1 Grand Prix de Monaco 2011,KNOCKOUT,,monaco,STREET,CLOCKWISE,3.34,19,78,260.52,,,FALSE,FALSE,,,,,,,,,,,,,,,,,,,,,,
846,2011,7,6/12/2011,17:00:00,6/12/2011 17:00,canada,Formula 1 Grand Prix du Canada 2011,KNOCKOUT,,montreal,STREET,CLOCKWISE,4.361,14,70,305.27,,,FALSE,FALSE,,,,,,,,,,,,,,,,,,,,,,
847,2011,8,6/26/2011,12:00:00,6/26/2011 12:00,europe,2011 Formula 1 Grand Prix of Europe,KNOCKOUT,,valencia,STREET,CLOCKWISE,5.419,25,57,308.883,,,FALSE,FALSE,,,,,,,,,,,,,,,,,,,,,,
848,2011,9,7/10/2011,12:00:00,7/10/2011 12:00,great-britain,2011 Formula 1 Santander British Grand Prix,KNOCKOUT,,silverstone,RACE,CLOCKWISE,5.891,18,52,306.198,,,FALSE,FALSE,,,,,,,,,,,,,,,,,,,,,,
849,2011,10,7/24/2011,12:00:00,7/24/2011 12:00,germany,Formula 1 Grosser Preis Santander von Deutschland 2011,KNOCKOUT,,nurburgring,RACE,CLOCKWISE,5.148,15,60,308.863,,,FALSE,FALSE,,,,,,,,,,,,,,,,,,,,,,
850,2011,11,7/31/2011,12:00:00,7/31/2011 12:00,hungary,Formula 1 Eni Magyar Nagydíj 2011,KNOCKOUT,,hungaroring,RACE,CLOCKWISE,4.381,14,70,306.63,,,FALSE,FALSE,,,,,,,,,,,,,,,,,,,,,,
851,2011,12,8/28/2011,12:00:00,8/28/2011 12:00,belgium,2011 Formula 1 Shell Belgian Grand Prix,KNOCKOUT,,spa-francorchamps,RACE,CLOCKWISE,7.004,19,44,308.052,,,FALSE,FALSE,,,,,,,,,,,,,,,,,,,,,,
852,2011,13,9/11/2011,12:00:00,9/11/2011 12:00,italy,Formula 1 Gran Premio Santander d'Italia 2011,KNOCKOUT,,monza,RACE,CLOCKWISE,5.793,11,53,306.72,,,FALSE,FALSE,,,,,,,,,,,,,,,,,,,,,,
853,2011,14,9/25/2011,12:00:00,9/25/2011 12:00,singapore,2011 Formula 1 SingTel Singapore Grand Prix,KNOCKOUT,,marina-bay,STREET,ANTI_CLOCKWISE,5.073,23,61,309.087,,,FALSE,FALSE,,,,,,,,,,,,,,,,,,,,,,
854,2011,15,10/9/2011,6:00:00,10/9/2011 6:00,japan,2011 Formula 1 Japanese Grand Prix,KNOCKOUT,,suzuka,RACE,CLOCKWISE,5.807,18,53,307.471,,,TRUE,FALSE,,,,,,,,,,,,,,,,,,,,,,
855,2011,16,10/16/2011,6:00:00,10/16/2011 6:00,korea,2011 Formula 1 Korean Grand Prix,KNOCKOUT,,yeongam,RACE,ANTI_CLOCKWISE,5.615,18,55,308.63,,,FALSE,TRUE,,,,,,,,,,,,,,,,,,,,,,
856,2011,17,10/30/2011,9:30:00,10/30/2011 9:30,india,2011 Formula 1 Airtel Grand Prix of India,KNOCKOUT,,buddh,RACE,CLOCKWISE,5.125,16,60,307.249,,,FALSE,FALSE,,,,,,,,,,,,,,,,,,,,,,
857,2011,18,11/13/2011,13:00:00,11/13/2011 13:00,abu-dhabi,2011 Formula 1 Etihad Airways Abu Dhabi Grand Prix,KNOCKOUT,,yas-marina,RACE,ANTI_CLOCKWISE,5.554,21,55,305.355,,,FALSE,FALSE,,,,,,,,,,,,,,,,,,,,,,
858,2011,19,11/27/2011,16:00:00,11/27/2011 16:00,brazil,Formula 1 Grande Prêmio Petrobras do Brasil 2011,KNOCKOUT,,interlagos,RACE,ANTI_CLOCKWISE,4.309,15,71,305.909,,,FALSE,FALSE,,,,,,,,,,,,,,,,,,,,,,
859,2012,1,3/18/2012,6:00:00,3/18/2012 6:00,australia,2012 Formula 1 Qantas Australian Grand Prix,KNOCKOUT,,melbourne,STREET,CLOCKWISE,5.303,16,58,307.574,,,FALSE,FALSE,,,,,,,,,,,,,,,,,,,,,,
860,2012,2,3/25/2012,8:00:00,3/25/2012 8:00,malaysia,2012 Formula 1 Petronas Malaysia Grand Prix,KNOCKOUT,,sepang,RACE,CLOCKWISE,5.543,15,56,310.408,,,FALSE,FALSE,,,,,,,,,,,,,,,,,,,,,,
861,2012,3,4/15/2012,7:00:00,4/15/2012 7:00,china,2012 Formula 1 UBS Chinese Grand Prix,KNOCKOUT,,shanghai,RACE,CLOCKWISE,5.451,16,56,305.066,,,FALSE,FALSE,,,,,,,,,,,,,,,,,,,,,,
862,2012,4,4/22/2012,12:00:00,4/22/2012 12:00,bahrain,2012 Formula 1 Gulf Air Bahrain Grand Prix,KNOCKOUT,,bahrain,RACE,CLOCKWISE,5.412,15,57,308.238,,,FALSE,FALSE,,,,,,,,,,,,,,,,,,,,,,
863,2012,5,5/13/2012,12:00:00,5/13/2012 12:00,spain,Formula 1 Gran Premio de España Santander 2012,KNOCKOUT,,catalunya,RACE,CLOCKWISE,4.655,16,66,307.104,,,FALSE,FALSE,,,,,,,,,,,,,,,,,,,,,,
864,2012,6,5/27/2012,12:00:00,5/27/2012 12:00,monaco,Formula 1 Grand Prix de Monaco 2012,KNOCKOUT,,monaco,STREET,CLOCKWISE,3.34,19,78,260.52,,,FALSE,FALSE,,,,,,,,,,,,,,,,,,,,,,
865,2012,7,6/10/2012,18:00:00,6/10/2012 18:00,canada,Formula 1 Grand Prix du Canada 2012,KNOCKOUT,,montreal,STREET,CLOCKWISE,4.361,14,70,305.27,,,FALSE,FALSE,,,,,,,,,,,,,,,,,,,,,,
866,2012,8,6/24/2012,12:00:00,6/24/2012 12:00,europe,2012 Formula 1 Grand Prix of Europe,KNOCKOUT,,valencia,STREET,CLOCKWISE,5.419,25,57,308.883,,,FALSE,FALSE,,,,,,,,,,,,,,,,,,,,,,
867,2012,9,7/8/2012,12:00:00,7/8/2012 12:00,great-britain,2012 Formula 1 Santander British Grand Prix,KNOCKOUT,,silverstone,RACE,CLOCKWISE,5.891,18,52,306.198,,,FALSE,FALSE,,,,,,,,,,,,,,,,,,,,,,
868,2012,10,7/22/2012,12:00:00,7/22/2012 12:00,germany,Formula 1 Grosser Preis Santander von Deutschland 2012,KNOCKOUT,,hockenheimring,RACE,CLOCKWISE,4.574,17,67,306.458,,,FALSE,FALSE,,,,,,,,,,,,,,,,,,,,,,
869,2012,11,7/29/2012,12:00:00,7/29/2012 12:00,hungary,Formula 1 Eni Magyar Nagydij 2012,KNOCKOUT,,hungaroring,RACE,CLOCKWISE,4.381,14,69,302.249,70,306.63,FALSE,FALSE,,,,,,,,,,,,,,,,,,,,,,
870,2012,12,9/2/2012,12:00:00,9/2/2012 12:00,belgium,2012 Formula 1 Shell Belgian Grand Prix,KNOCKOUT,,spa-francorchamps,RACE,CLOCKWISE,7.004,19,44,308.052,,,FALSE,FALSE,,,,,,,,,,,,,,,,,,,,,,
871,2012,13,9/9/2012,12:00:00,9/9/2012 12:00,italy,Formula 1 Gran Premio Santander d'Italia 2012,KNOCKOUT,,monza,RACE,CLOCKWISE,5.793,11,53,306.72,,,FALSE,FALSE,,,,,,,,,,,,,,,,,,,,,,
872,2012,14,9/23/2012,12:00:00,9/23/2012 12:00,singapore,2012 Formula 1 SingTel Singapore Grand Prix,KNOCKOUT,,marina-bay,STREET,ANTI_CLOCKWISE,5.073,23,59,299.17,61,309.316,FALSE,FALSE,,,,,,,,,,,,,,,,,,,,,,
873,2012,15,10/7/2012,6:00:00,10/7/2012 6:00,japan,2012 Formula 1 Japanese Grand Prix,KNOCKOUT,,suzuka,RACE,CLOCKWISE,5.807,18,53,307.471,,,FALSE,FALSE,,,,,,,,,,,,,,,,,,,,,,
874,2012,16,10/14/2012,6:00:00,10/14/2012 6:00,korea,2012 Formula 1 Korean Grand Prix,KNOCKOUT,,yeongam,RACE,ANTI_CLOCKWISE,5.615,18,55,308.63,,,FALSE,FALSE,,,,,,,,,,,,,,,,,,,,,,
875,2012,17,10/28/2012,9:30:00,10/28/2012 9:30,india,2012 Formula 1 Airtel Indian Grand Prix,KNOCKOUT,,buddh,RACE,CLOCKWISE,5.125,16,60,307.249,,,FALSE,FALSE,,,,,,,,,,,,,,,,,,,,,,
876,2012,18,11/4/2012,13:00:00,11/4/2012 13:00,abu-dhabi,2012 Formula 1 Etihad Airways Abu Dhabi Grand Prix,KNOCKOUT,,yas-marina,RACE,ANTI_CLOCKWISE,5.554,21,55,305.355,,,FALSE,FALSE,,,,,,,,,,,,,,,,,,,,,,
877,2012,19,11/18/2012,19:00:00,11/18/2012 19:00,united-states,2012 Formula 1 United States Grand Prix,KNOCKOUT,,austin,RACE,ANTI_CLOCKWISE,5.513,20,56,308.405,,,FALSE,TRUE,,,,,,,,,,,,,,,,,,,,,,
878,2012,20,11/25/2012,16:00:00,11/25/2012 16:00,brazil,Formula 1 Grande Prêmio Petrobras do Brasil 2012,KNOCKOUT,,interlagos,RACE,ANTI_CLOCKWISE,4.309,15,71,305.909,,,TRUE,FALSE,,,,,,,,,,,,,,,,,,,,,,
879,2013,1,3/17/2013,6:00:00,3/17/2013 6:00,australia,2013 Formula 1 Rolex Australian Grand Prix,KNOCKOUT,,melbourne,STREET,CLOCKWISE,5.303,16,58,307.574,,,FALSE,FALSE,,,,,,,,,,,,,,,,,,,,,,
880,2013,2,3/24/2013,8:00:00,3/24/2013 8:00,malaysia,2013 Formula 1 Petronas Malaysia Grand Prix,KNOCKOUT,,sepang,RACE,CLOCKWISE,5.543,15,56,310.408,,,FALSE,FALSE,,,,,,,,,,,,,,,,,,,,,,
881,2013,3,4/14/2013,7:00:00,4/14/2013 7:00,china,2013 Formula 1 UBS Chinese Grand Prix,KNOCKOUT,,shanghai,RACE,CLOCKWISE,5.451,16,56,305.066,,,FALSE,FALSE,,,,,,,,,,,,,,,,,,,,,,
882,2013,4,4/21/2013,12:00:00,4/21/2013 12:00,bahrain,2013 Formula 1 Gulf Air Bahrain Grand Prix,KNOCKOUT,,bahrain,RACE,CLOCKWISE,5.412,15,57,308.238,,,FALSE,FALSE,,,,,,,,,,,,,,,,,,,,,,
883,2013,5,5/12/2013,12:00:00,5/12/2013 12:00,spain,Formula 1 Gran Premio de España 2013,KNOCKOUT,,catalunya,RACE,CLOCKWISE,4.655,16,66,307.104,,,FALSE,FALSE,,,,,,,,,,,,,,,,,,,,,,
884,2013,6,5/26/2013,12:00:00,5/26/2013 12:00,monaco,Formula 1 Grand Prix de Monaco 2013,KNOCKOUT,,monaco,STREET,CLOCKWISE,3.34,19,78,260.52,,,FALSE,FALSE,,,,,,,,,,,,,,,,,,,,,,
885,2013,7,6/9/2013,18:00:00,6/9/2013 18:00,canada,Formula 1 Grand Prix du Canada 2013,KNOCKOUT,,montreal,STREET,CLOCKWISE,4.361,14,70,305.27,,,FALSE,FALSE,,,,,,,,,,,,,,,,,,,,,,
886,2013,8,6/30/2013,12:00:00,6/30/2013 12:00,great-britain,2013 Formula 1 Santander British Grand Prix,KNOCKOUT,,silverstone,RACE,CLOCKWISE,5.891,18,52,306.198,,,FALSE,FALSE,,,,,,,,,,,,,,,,,,,,,,
887,2013,9,7/7/2013,12:00:00,7/7/2013 12:00,germany,Formula 1 Grosser Preis Santander von Deutschland 2013,KNOCKOUT,,nurburgring,RACE,CLOCKWISE,5.148,15,60,308.863,,,FALSE,FALSE,,,,,,,,,,,,,,,,,,,,,,
888,2013,10,7/28/2013,12:00:00,7/28/2013 12:00,hungary,Formula 1 Magyar Nagydíj 2013,KNOCKOUT,,hungaroring,RACE,CLOCKWISE,4.381,14,70,306.63,,,FALSE,FALSE,,,,,,,,,,,,,,,,,,,,,,
889,2013,11,8/25/2013,12:00:00,8/25/2013 12:00,belgium,2013 Formula 1 Shell Belgian Grand Prix,KNOCKOUT,,spa-francorchamps,RACE,CLOCKWISE,7.004,19,44,308.052,,,FALSE,FALSE,,,,,,,,,,,,,,,,,,,,,,
890,2013,12,9/8/2013,12:00:00,9/8/2013 12:00,italy,Formula 1 Gran Premio d'Italia 2013,KNOCKOUT,,monza,RACE,CLOCKWISE,5.793,11,53,306.72,,,FALSE,FALSE,,,,,,,,,,,,,,,,,,,,,,
891,2013,13,9/22/2013,12:00:00,9/22/2013 12:00,singapore,2013 Formula 1 SingTel Singapore Grand Prix,KNOCKOUT,,marina-bay,STREET,ANTI_CLOCKWISE,5.065,23,61,308.828,,,FALSE,FALSE,,,,,,,,,,,,,,,,,,,,,,
892,2013,14,10/6/2013,6:00:00,10/6/2013 6:00,korea,2013 Formula 1 Korean Grand Prix,KNOCKOUT,,yeongam,RACE,ANTI_CLOCKWISE,5.615,18,55,308.63,,,FALSE,FALSE,,,,,,,,,,,,,,,,,,,,,,
893,2013,15,10/13/2013,6:00:00,10/13/2013 6:00,japan,2013 Formula 1 Japanese Grand Prix,KNOCKOUT,,suzuka,RACE,CLOCKWISE,5.807,18,53,307.471,,,FALSE,FALSE,,,,,,,,,,,,,,,,,,,,,,
894,2013,16,10/27/2013,9:30:00,10/27/2013 9:30,india,2013 Formula 1 Airtel Indian Grand Prix,KNOCKOUT,,buddh,RACE,CLOCKWISE,5.125,16,60,307.249,,,TRUE,TRUE,,,,,,,,,,,,,,,,,,,,,,
895,2013,17,11/3/2013,13:00:00,11/3/2013 13:00,abu-dhabi,2013 Formula 1 Etihad Airways Abu Dhabi Grand Prix,KNOCKOUT,,yas-marina,RACE,ANTI_CLOCKWISE,5.554,21,55,305.355,,,FALSE,FALSE,,,,,,,,,,,,,,,,,,,,,,
896,2013,18,11/17/2013,19:00:00,11/17/2013 19:00,united-states,2013 Formula 1 United States Grand Prix,KNOCKOUT,,austin,RACE,ANTI_CLOCKWISE,5.513,20,56,308.405,,,FALSE,FALSE,,,,,,,,,,,,,,,,,,,,,,
897,2013,19,11/24/2013,16:00:00,11/24/2013 16:00,brazil,Formula 1 Grande Prêmio Petrobras do Brasil 2013,KNOCKOUT,,interlagos,RACE,ANTI_CLOCKWISE,4.309,15,71,305.909,,,FALSE,FALSE,,,,,,,,,,,,,,,,,,,,,,
898,2014,1,3/16/2014,6:00:00,3/16/2014 6:00,australia,2014 Formula 1 Rolex Australian Grand Prix,KNOCKOUT,,melbourne,STREET,CLOCKWISE,5.303,16,57,302.271,58,307.574,FALSE,FALSE,,,,,,,,,,,,,,,,,,,,,,
899,2014,2,3/30/2014,8:00:00,3/30/2014 8:00,malaysia,2014 Formula 1 Petronas Malaysia Grand Prix,KNOCKOUT,,sepang,RACE,CLOCKWISE,5.543,15,56,310.408,,,FALSE,FALSE,,,,,,,,,,,,,,,,,,,,,,
900,2014,3,4/6/2014,15:00:00,4/6/2014 15:00,bahrain,2014 Formula 1 Gulf Air Bahrain Grand Prix,KNOCKOUT,,bahrain,RACE,CLOCKWISE,5.412,15,57,308.238,,,FALSE,FALSE,,,,,,,,,,,,,,,,,,,,,,
901,2014,4,4/20/2014,7:00:00,4/20/2014 7:00,china,2014 Formula 1 UBS Chinese Grand Prix,KNOCKOUT,,shanghai,RACE,CLOCKWISE,5.451,16,54,294.164,56,305.066,FALSE,FALSE,,,,,,,,,,,,,,,,,,,,,,
902,2014,5,5/11/2014,12:00:00,5/11/2014 12:00,spain,Formula 1 Gran Premio de España Pirelli 2014,KNOCKOUT,,catalunya,RACE,CLOCKWISE,4.655,16,66,307.104,,,FALSE,FALSE,,,,,,,,,,,,,,,,,,,,,,
903,2014,6,5/25/2014,12:00:00,5/25/2014 12:00,monaco,Formula 1 Grand Prix de Monaco 2014,KNOCKOUT,,monaco,STREET,CLOCKWISE,3.34,19,78,260.52,,,FALSE,FALSE,,,,,,,,,,,,,,,,,,,,,,
904,2014,7,6/8/2014,18:00:00,6/8/2014 18:00,canada,Formula 1 Grand Prix du Canada 2014,KNOCKOUT,,montreal,STREET,CLOCKWISE,4.361,14,70,305.27,,,FALSE,FALSE,,,,,,,,,,,,,,,,,,,,,,
905,2014,8,6/22/2014,12:00:00,6/22/2014 12:00,austria,Formula 1 DHL Grosser Preis Von Österreich 2014,KNOCKOUT,,spielberg,RACE,CLOCKWISE,4.326,9,71,307.146,,,FALSE,FALSE,,,,,,,,,,,,,,,,,,,,,,
906,2014,9,7/6/2014,12:00:00,7/6/2014 12:00,great-britain,2014 Formula 1 Santander British Grand Prix,KNOCKOUT,,silverstone,RACE,CLOCKWISE,5.891,18,52,306.198,,,FALSE,FALSE,,,,,,,,,,,,,,,,,,,,,,
907,2014,10,7/20/2014,12:00:00,7/20/2014 12:00,germany,Formula 1 Grosser Preis Santander von Deutschland 2014,KNOCKOUT,,hockenheimring,RACE,CLOCKWISE,4.574,17,67,306.458,,,FALSE,FALSE,,,,,,,,,,,,,,,,,,,,,,
908,2014,11,7/27/2014,12:00:00,7/27/2014 12:00,hungary,Formula 1 Pirelli Magyar Nagydíj 2014,KNOCKOUT,,hungaroring,RACE,CLOCKWISE,4.381,14,70,306.63,,,FALSE,FALSE,,,,,,,,,,,,,,,,,,,,,,
909,2014,12,8/24/2014,12:00:00,8/24/2014 12:00,belgium,2014 Formula 1 Shell Belgian Grand Prix,KNOCKOUT,,spa-francorchamps,RACE,CLOCKWISE,7.004,19,44,308.052,,,FALSE,FALSE,,,,,,,,,,,,,,,,,,,,,,
910,2014,13,9/7/2014,12:00:00,9/7/2014 12:00,italy,Formula 1 Gran Premio d'Italia 2014,KNOCKOUT,,monza,RACE,CLOCKWISE,5.793,11,53,306.72,,,FALSE,FALSE,,,,,,,,,,,,,,,,,,,,,,
911,2014,14,9/21/2014,12:00:00,9/21/2014 12:00,singapore,2014 Formula 1 Singapore Airlines Singapore Grand Prix,KNOCKOUT,,marina-bay,STREET,ANTI_CLOCKWISE,5.065,23,60,303.763,61,308.828,FALSE,FALSE,,,,,,,,,,,,,,,,,,,,,,
912,2014,15,10/5/2014,6:00:00,10/5/2014 6:00,japan,2014 Formula 1 Japanese Grand Prix,KNOCKOUT,,suzuka,RACE,CLOCKWISE,5.807,18,44,255.208,53,307.471,FALSE,FALSE,,,,,,,,,,,,,,,,,,,,,,
913,2014,16,10/21/2014,11:00:00,10/21/2014 11:00,russia,2014 Formula 1 Russian Grand Prix,KNOCKOUT,,sochi,ROAD,CLOCKWISE,5.848,18,53,309.745,,,FALSE,TRUE,,,,,,,,,,,,,,,,,,,,,,
914,2014,17,11/2/2014,20:00:00,11/2/2014 20:00,united-states,2014 Formula 1 United States Grand Prix,KNOCKOUT,,austin,RACE,ANTI_CLOCKWISE,5.513,20,56,308.405,,,FALSE,FALSE,,,,,,,,,,,,,,,,,,,,,,
915,2014,18,11/9/2014,16:00:00,11/9/2014 16:00,brazil,Formula 1 Grande Prêmio Petrobras do Brasil 2014,KNOCKOUT,,interlagos,RACE,ANTI_CLOCKWISE,4.309,15,71,305.909,,,FALSE,FALSE,,,,,,,,,,,,,,,,,,,,,,
916,2014,19,11/23/2014,13:00:00,11/23/2014 13:00,abu-dhabi,2014 Formula 1 Etihad Airways Abu Dhabi Grand Prix,KNOCKOUT,,yas-marina,RACE,ANTI_CLOCKWISE,5.554,21,55,305.355,,,TRUE,FALSE,,,,,,,,,,,,,,,,,,,,,,
917,2015,1,3/15/2015,5:00:00,3/15/2015 5:00,australia,2015 Formula 1 Rolex Australian Grand Prix,KNOCKOUT,,melbourne,STREET,CLOCKWISE,5.303,16,58,307.574,,,FALSE,FALSE,,,,,,,,,,,,,,,,,,,,,,
918,2015,2,3/29/2015,7:00:00,3/29/2015 7:00,malaysia,2015 Formula 1 Petronas Malaysia Grand Prix,KNOCKOUT,,sepang,RACE,CLOCKWISE,5.543,15,56,310.408,,,FALSE,FALSE,,,,,,,,,,,,,,,,,,,,,,
919,2015,3,4/12/2015,6:00:00,4/12/2015 6:00,china,2015 Formula 1 Chinese Grand Prix,KNOCKOUT,,shanghai,RACE,CLOCKWISE,5.451,16,56,305.066,,,FALSE,FALSE,,,,,,,,,,,,,,,,,,,,,,
920,2015,4,4/19/2015,15:00:00,4/19/2015 15:00,bahrain,2015 Formula 1 Gulf Air Bahrain Grand Prix,KNOCKOUT,,bahrain,RACE,CLOCKWISE,5.412,15,57,308.238,,,FALSE,FALSE,,,,,,,,,,,,,,,,,,,,,,
921,2015,5,5/10/2015,12:00:00,5/10/2015 12:00,spain,Formula 1 Gran Premio de España Pirelli 2015,KNOCKOUT,,catalunya,RACE,CLOCKWISE,4.655,16,66,307.104,,,FALSE,FALSE,,,,,,,,,,,,,,,,,,,,,,
922,2015,6,5/24/2015,12:00:00,5/24/2015 12:00,monaco,Formula 1 Grand Prix de Monaco 2015,KNOCKOUT,,monaco,STREET,CLOCKWISE,3.337,19,78,260.286,,,FALSE,FALSE,,,,,,,,,,,,,,,,,,,,,,
923,2015,7,6/7/2015,18:00:00,6/7/2015 18:00,canada,Formula 1 Grand Prix du Canada 2015,KNOCKOUT,,montreal,STREET,CLOCKWISE,4.361,14,70,305.27,,,FALSE,FALSE,,,,,,,,,,,,,,,,,,,,,,
924,2015,8,6/21/2015,12:00:00,6/21/2015 12:00,austria,Formula 1 Rolex Grosser Preis von Österreich 2015,KNOCKOUT,,spielberg,RACE,CLOCKWISE,4.326,9,71,307.146,,,FALSE,FALSE,,,,,,,,,,,,,,,,,,,,,,
925,2015,9,7/5/2015,12:00:00,7/5/2015 12:00,great-britain,2015 Formula 1 British Grand Prix,KNOCKOUT,,silverstone,RACE,CLOCKWISE,5.891,18,52,306.198,,,FALSE,FALSE,,,,,,,,,,,,,,,,,,,,,,
926,2015,10,7/26/2015,12:00:00,7/26/2015 12:00,hungary,Formula 1 Pirelli Magyar Nagydíj 2015,KNOCKOUT,,hungaroring,RACE,CLOCKWISE,4.381,14,69,302.249,70,306.63,FALSE,FALSE,,,,,,,,,,,,,,,,,,,,,,
927,2015,11,8/23/2015,12:00:00,8/23/2015 12:00,belgium,2015 Formula 1 Shell Belgian Grand Prix,KNOCKOUT,,spa-francorchamps,RACE,CLOCKWISE,7.004,19,43,301.048,44,308.052,FALSE,FALSE,,,,,,,,,,,,,,,,,,,,,,
928,2015,12,9/6/2015,12:00:00,9/6/2015 12:00,italy,Formula 1 Gran Premio d'Italia 2015,KNOCKOUT,,monza,RACE,CLOCKWISE,5.793,11,53,306.72,,,FALSE,FALSE,,,,,,,,,,,,,,,,,,,,,,
929,2015,13,9/20/2015,12:00:00,9/20/2015 12:00,singapore,2015 Formula 1 Singapore Airlines Singapore Grand Prix,KNOCKOUT,,marina-bay,STREET,ANTI_CLOCKWISE,5.065,23,61,308.828,,,FALSE,FALSE,,,,,,,,,,,,,,,,,,,,,,
930,2015,14,9/27/2015,5:00:00,9/27/2015 5:00,japan,2015 Formula 1 Japanese Grand Prix,KNOCKOUT,,suzuka,RACE,CLOCKWISE,5.807,18,53,307.471,,,FALSE,FALSE,,,,,,,,,,,,,,,,,,,,,,
931,2015,15,10/11/2015,11:00:00,10/11/2015 11:00,russia,2015 Formula 1 Russian Grand Prix,KNOCKOUT,,sochi,ROAD,CLOCKWISE,5.848,18,53,309.745,,,FALSE,TRUE,,,,,,,,,,,,,,,,,,,,,,
932,2015,16,10/25/2015,19:00:00,10/25/2015 19:00,united-states,2015 Formula 1 United States Grand Prix,KNOCKOUT,,austin,RACE,ANTI_CLOCKWISE,5.513,20,56,308.405,,,TRUE,FALSE,,,,,,,,,,,,,,,,,,,,,,
933,2015,17,11/1/2015,19:00:00,11/1/2015 19:00,mexico,Formula 1 Gran Premio de México 2015,KNOCKOUT,,mexico-city,RACE,CLOCKWISE,4.304,17,71,305.354,,,FALSE,FALSE,,,,,,,,,,,,,,,,,,,,,,
934,2015,18,11/15/2015,16:00:00,11/15/2015 16:00,brazil,Formula 1 Grande Prêmio Petrobras do Brasil 2015,KNOCKOUT,,interlagos,RACE,ANTI_CLOCKWISE,4.309,15,71,305.909,,,FALSE,FALSE,,,,,,,,,,,,,,,,,,,,,,
935,2015,19,11/29/2015,13:00:00,11/29/2015 13:00,abu-dhabi,2015 Formula 1 Etihad Airways Abu Dhabi Grand Prix,KNOCKOUT,,yas-marina,RACE,ANTI_CLOCKWISE,5.554,21,55,305.355,,,FALSE,FALSE,,,,,,,,,,,,,,,,,,,,,,
936,2016,1,3/20/2016,5:00:00,3/20/2016 5:00,australia,2016 Formula 1 Rolex Australian Grand Prix,ELIMINATION,,melbourne,STREET,CLOCKWISE,5.303,16,57,302.271,58,307.574,FALSE,FALSE,,,,,,,,,,,,,,,,,,,,,,
937,2016,2,4/3/2016,15:00:00,4/3/2016 15:00,bahrain,2016 Formula 1 Gulf Air Bahrain Grand Prix,ELIMINATION,,bahrain,RACE,CLOCKWISE,5.412,15,57,308.238,,,FALSE,FALSE,,,,,,,,,,,,,,,,,,,,,,
938,2016,3,4/17/2016,6:00:00,4/17/2016 6:00,china,2016 Formula 1 Pirelli Chinese Grand Prix,KNOCKOUT,,shanghai,RACE,CLOCKWISE,5.451,16,56,305.066,,,FALSE,FALSE,,,,,,,,,,,,,,,,,,,,,,
939,2016,4,5/1/2016,12:00:00,5/1/2016 12:00,russia,2016 Formula 1 Russian Grand Prix,KNOCKOUT,,sochi,ROAD,CLOCKWISE,5.848,18,53,309.745,,,FALSE,FALSE,,,,,,,,,,,,,,,,,,,,,,
940,2016,5,5/15/2016,12:00:00,5/15/2016 12:00,spain,Formula 1 Gran Premio de España Pirelli 2016,KNOCKOUT,,catalunya,RACE,CLOCKWISE,4.655,16,66,307.104,,,FALSE,FALSE,,,,,,,,,,,,,,,,,,,,,,
941,2016,6,5/29/2016,12:00:00,5/29/2016 12:00,monaco,Formula 1 Grand Prix de Monaco 2016,KNOCKOUT,,monaco,STREET,CLOCKWISE,3.337,19,78,260.286,,,FALSE,FALSE,,,,,,,,,,,,,,,,,,,,,,
942,2016,7,6/12/2016,18:00:00,6/12/2016 18:00,canada,Formula 1 Grand Prix du Canada 2016,KNOCKOUT,,montreal,STREET,CLOCKWISE,4.361,14,70,305.27,,,FALSE,FALSE,,,,,,,,,,,,,,,,,,,,,,
943,2016,8,6/19/2016,13:00:00,6/19/2016 13:00,europe,Formula 1 Rolex Grand Prix of Europe 2016,KNOCKOUT,,baku,STREET,ANTI_CLOCKWISE,6.003,20,51,306.153,,,FALSE,FALSE,,,,,,,,,,,,,,,,,,,,,,
944,2016,9,7/3/2016,12:00:00,7/3/2016 12:00,austria,Formula 1 Pirelli Grosser Preis von Österreich 2016,KNOCKOUT,,spielberg,RACE,CLOCKWISE,4.326,9,71,307.146,,,FALSE,FALSE,,,,,,,,,,,,,,,,,,,,,,
945,2016,10,7/10/2016,12:00:00,7/10/2016 12:00,great-britain,2016 Formula 1 British Grand Prix,KNOCKOUT,,silverstone,RACE,CLOCKWISE,5.891,18,52,306.198,,,FALSE,FALSE,,,,,,,,,,,,,,,,,,,,,,
946,2016,11,7/24/2016,12:00:00,7/24/2016 12:00,hungary,Formula 1 Magyar Nagydíj 2016,KNOCKOUT,,hungaroring,RACE,CLOCKWISE,4.381,14,70,306.63,,,FALSE,FALSE,,,,,,,,,,,,,,,,,,,,,,
947,2016,12,7/31/2016,12:00:00,7/31/2016 12:00,germany,Formula 1 Grosser Preis von Deutschland 2016,KNOCKOUT,,hockenheimring,RACE,CLOCKWISE,4.574,17,67,306.458,,,FALSE,FALSE,,,,,,,,,,,,,,,,,,,,,,
948,2016,13,8/28/2016,12:00:00,8/28/2016 12:00,belgium,2016 Formula 1 Belgian Grand Prix,KNOCKOUT,,spa-francorchamps,RACE,CLOCKWISE,7.004,19,44,308.052,,,FALSE,FALSE,,,,,,,,,,,,,,,,,,,,,,
949,2016,14,9/4/2016,12:00:00,9/4/2016 12:00,italy,Formula 1 Gran Premio Heineken d'Italia 2016,KNOCKOUT,,monza,RACE,CLOCKWISE,5.793,11,53,306.72,,,FALSE,FALSE,,,,,,,,,,,,,,,,,,,,,,
950,2016,15,9/18/2016,12:00:00,9/18/2016 12:00,singapore,2016 Formula 1 Singapore Airlines Singapore Grand Prix,KNOCKOUT,,marina-bay,STREET,ANTI_CLOCKWISE,5.065,23,61,308.828,,,FALSE,FALSE,,,,,,,,,,,,,,,,,,,,,,
951,2016,16,10/2/2016,7:00:00,10/2/2016 7:00,malaysia,2016 Formula 1 Petronas Malaysia Grand Prix,KNOCKOUT,,sepang,RACE,CLOCKWISE,5.543,15,56,310.408,,,FALSE,FALSE,,,,,,,,,,,,,,,,,,,,,,
952,2016,17,10/9/2016,5:00:00,10/9/2016 5:00,japan,2016 Formula 1 Emirates Japanese Grand Prix,KNOCKOUT,,suzuka,RACE,CLOCKWISE,5.807,18,53,307.471,,,FALSE,TRUE,,,,,,,,,,,,,,,,,,,,,,
953,2016,18,10/23/2016,19:00:00,10/23/2016 19:00,united-states,2016 Formula 1 United States Grand Prix,KNOCKOUT,,austin,RACE,ANTI_CLOCKWISE,5.513,20,56,308.405,,,FALSE,FALSE,,,,,,,,,,,,,,,,,,,,,,
954,2016,19,10/30/2016,19:00:00,10/30/2016 19:00,mexico,Formula 1 Gran Premio de México 2016,KNOCKOUT,,mexico-city,RACE,CLOCKWISE,4.304,17,71,305.354,,,FALSE,FALSE,,,,,,,,,,,,,,,,,,,,,,
955,2016,20,11/13/2016,16:00:00,11/13/2016 16:00,brazil,Formula 1 Grande Prêmio do Brasil 2016,KNOCKOUT,,interlagos,RACE,ANTI_CLOCKWISE,4.309,15,71,305.909,,,FALSE,FALSE,,,,,,,,,,,,,,,,,,,,,,
956,2016,21,11/27/2016,13:00:00,11/27/2016 13:00,abu-dhabi,2016 Formula 1 Etihad Airways Abu Dhabi Grand Prix,KNOCKOUT,,yas-marina,RACE,ANTI_CLOCKWISE,5.554,21,55,305.355,,,TRUE,FALSE,,,,,,,,,,,,,,,,,,,,,,
957,2017,1,3/26/2017,5:00:00,3/26/2017 5:00,australia,2017 Formula 1 Rolex Australian Grand Prix,KNOCKOUT,,melbourne,STREET,CLOCKWISE,5.303,16,57,302.271,58,307.574,FALSE,FALSE,,,,,,,,,,,,,,,,,,,,,,
958,2017,2,4/9/2017,6:00:00,4/9/2017 6:00,china,2017 Formula 1 Heineken Chinese Grand Prix,KNOCKOUT,,shanghai,RACE,CLOCKWISE,5.451,16,56,305.066,,,FALSE,FALSE,,,,,,,,,,,,,,,,,,,,,,
959,2017,3,4/16/2017,15:00:00,4/16/2017 15:00,bahrain,2017 Formula 1 Gulf Air Bahrain Grand Prix,KNOCKOUT,,bahrain,RACE,CLOCKWISE,5.412,15,57,308.238,,,FALSE,FALSE,,,,,,,,,,,,,,,,,,,,,,
960,2017,4,4/30/2017,12:00:00,4/30/2017 12:00,russia,2017 Formula 1 VTB Russian Grand Prix,KNOCKOUT,,sochi,ROAD,CLOCKWISE,5.848,18,52,303.897,53,309.745,FALSE,FALSE,,,,,,,,,,,,,,,,,,,,,,
961,2017,5,5/14/2017,12:00:00,5/14/2017 12:00,spain,Formula 1 Gran Premio de España Pirelli 2017,KNOCKOUT,,catalunya,RACE,CLOCKWISE,4.655,16,66,307.104,,,FALSE,FALSE,,,,,,,,,,,,,,,,,,,,,,
962,2017,6,5/28/2017,12:00:00,5/28/2017 12:00,monaco,Formula 1 Grand Prix de Monaco 2017,KNOCKOUT,,monaco,STREET,CLOCKWISE,3.337,19,78,260.286,,,FALSE,FALSE,,,,,,,,,,,,,,,,,,,,,,
963,2017,7,6/11/2017,18:00:00,6/11/2017 18:00,canada,Formula 1 Grand Prix du Canada 2017,KNOCKOUT,,montreal,STREET,CLOCKWISE,4.361,14,70,305.27,,,FALSE,FALSE,,,,,,,,,,,,,,,,,,,,,,
964,2017,8,6/25/2017,13:00:00,6/25/2017 13:00,azerbaijan,Formula 1 FlyEmirates Azerbaijan Grand Prix 2017,KNOCKOUT,,baku,STREET,ANTI_CLOCKWISE,6.003,20,51,306.049,,,FALSE,FALSE,,,,,,,,,,,,,,,,,,,,,,
965,2017,9,7/9/2017,12:00:00,7/9/2017 12:00,austria,Formula 1 FlyEmirates Grosser Preis von Österreich 2017,KNOCKOUT,,spielberg,RACE,CLOCKWISE,4.318,10,71,306.452,,,FALSE,FALSE,,,,,,,,,,,,,,,,,,,,,,
966,2017,10,7/16/2017,12:00:00,7/16/2017 12:00,great-britain,2017 Formula 1 Rolex British Grand Prix,KNOCKOUT,,silverstone,RACE,CLOCKWISE,5.891,18,51,300.307,52,306.198,FALSE,FALSE,,,,,,,,,,,,,,,,,,,,,,
967,2017,11,7/30/2017,12:00:00,7/30/2017 12:00,hungary,Formula 1 Pirelli Magyar Nagydíj 2017,KNOCKOUT,,hungaroring,RACE,CLOCKWISE,4.381,14,70,306.63,,,FALSE,FALSE,,,,,,,,,,,,,,,,,,,,,,
968,2017,12,8/27/2017,12:00:00,8/27/2017 12:00,belgium,2017 Formula 1 Pirelli Belgian Grand Prix,KNOCKOUT,,spa-francorchamps,RACE,CLOCKWISE,7.004,19,44,308.052,,,FALSE,FALSE,,,,,,,,,,,,,,,,,,,,,,
969,2017,13,9/3/2017,12:00:00,9/3/2017 12:00,italy,Formula 1 Gran Premio Heineken d'Italia 2017,KNOCKOUT,,monza,RACE,CLOCKWISE,5.793,11,53,306.72,,,FALSE,FALSE,,,,,,,,,,,,,,,,,,,,,,
970,2017,14,9/17/2017,12:00:00,9/17/2017 12:00,singapore,2017 Formula 1 Singapore Airlines Singapore Grand Prix,KNOCKOUT,,marina-bay,STREET,ANTI_CLOCKWISE,5.065,23,58,293.633,61,308.828,FALSE,FALSE,,,,,,,,,,,,,,,,,,,,,,
971,2017,15,10/1/2017,7:00:00,10/1/2017 7:00,malaysia,2017 Formula 1 Petronas Malaysia Grand Prix,KNOCKOUT,,sepang,RACE,CLOCKWISE,5.543,15,56,310.408,,,FALSE,FALSE,,,,,,,,,,,,,,,,,,,,,,
972,2017,16,10/8/2017,5:00:00,10/8/2017 5:00,japan,2017 Formula 1 Japanese Grand Prix,KNOCKOUT,,suzuka,RACE,CLOCKWISE,5.807,18,53,307.471,,,FALSE,FALSE,,,,,,,,,,,,,,,,,,,,,,
973,2017,17,10/22/2017,19:00:00,10/22/2017 19:00,united-states,2017 Formula 1 United States Grand Prix,KNOCKOUT,,austin,RACE,ANTI_CLOCKWISE,5.513,20,56,308.405,,,FALSE,TRUE,,,,,,,,,,,,,,,,,,,,,,
974,2017,18,10/29/2017,19:00:00,10/29/2017 19:00,mexico,Formula 1 Gran Premio de México 2017,KNOCKOUT,,mexico-city,RACE,CLOCKWISE,4.304,17,71,305.354,,,TRUE,FALSE,,,,,,,,,,,,,,,,,,,,,,
975,2017,19,11/12/2017,16:00:00,11/12/2017 16:00,brazil,Formula 1 Grande Prêmio Heineken do Brasil 2017,KNOCKOUT,,interlagos,RACE,ANTI_CLOCKWISE,4.309,15,71,305.909,,,FALSE,FALSE,,,,,,,,,,,,,,,,,,,,,,
976,2017,20,11/26/2017,13:00:00,11/26/2017 13:00,abu-dhabi,2017 Formula 1 Etihad Airways Abu Dhabi Grand Prix,KNOCKOUT,,yas-marina,RACE,ANTI_CLOCKWISE,5.554,21,55,305.355,,,FALSE,FALSE,,,,,,,,,,,,,,,,,,,,,,
977,2018,1,3/25/2018,5:10:00,3/25/2018 5:10,australia,Formula 1 2018 Rolex Australian Grand Prix,KNOCKOUT,,melbourne,STREET,CLOCKWISE,5.303,16,58,307.574,,,FALSE,FALSE,,,,,,,,,,,,,,,,,,,,,,
978,2018,2,4/8/2018,15:10:00,4/8/2018 15:10,bahrain,Formula 1 2018 Gulf Air Bahrain Grand Prix,KNOCKOUT,,bahrain,RACE,CLOCKWISE,5.412,15,57,308.238,,,FALSE,FALSE,,,,,,,,,,,,,,,,,,,,,,
979,2018,3,4/15/2018,6:10:00,4/15/2018 6:10,china,Formula 1 2018 Heineken Chinese Grand Prix,KNOCKOUT,,shanghai,RACE,CLOCKWISE,5.451,16,56,305.066,,,FALSE,FALSE,,,,,,,,,,,,,,,,,,,,,,
980,2018,4,4/29/2018,12:10:00,4/29/2018 12:10,azerbaijan,Formula 1 2018 Rolex Azerbaijan Grand Prix,KNOCKOUT,,baku,STREET,ANTI_CLOCKWISE,6.003,20,51,306.049,,,FALSE,FALSE,,,,,,,,,,,,,,,,,,,,,,
981,2018,5,5/13/2018,13:10:00,5/13/2018 13:10,spain,Formula 1 Gran Premio de España Emirates 2018,KNOCKOUT,,catalunya,RACE,CLOCKWISE,4.655,16,66,307.104,,,FALSE,FALSE,,,,,,,,,,,,,,,,,,,,,,
982,2018,6,5/27/2018,13:10:00,5/27/2018 13:10,monaco,Formula 1 Grand Prix de Monaco 2018,KNOCKOUT,,monaco,STREET,CLOCKWISE,3.337,19,78,260.286,,,FALSE,FALSE,,,,,,,,,,,,,,,,,,,,,,
983,2018,7,6/10/2018,18:10:00,6/10/2018 18:10,canada,Formula 1 Grand Prix Heineken du Canada 2018,KNOCKOUT,,montreal,STREET,CLOCKWISE,4.361,14,68,296.548,70,305.27,FALSE,FALSE,,,,,,,,,,,,,,,,,,,,,,
984,2018,8,6/24/2018,14:10:00,6/24/2018 14:10,france,Formula 1 Pirelli Grand Prix de France 2018,KNOCKOUT,,paul-ricard,RACE,CLOCKWISE,5.842,15,53,309.69,,,FALSE,FALSE,,,,,,,,,,,,,,,,,,,,,,
985,2018,9,7/1/2018,13:10:00,7/1/2018 13:10,austria,Formula 1 Eyetime Grosser Preis von Österreich 2018,KNOCKOUT,,spielberg,RACE,CLOCKWISE,4.318,10,71,306.452,,,FALSE,FALSE,,,,,,,,,,,,,,,,,,,,,,
986,2018,10,7/8/2018,13:10:00,7/8/2018 13:10,great-britain,Formula 1 2018 Rolex British Grand Prix,KNOCKOUT,,silverstone,RACE,CLOCKWISE,5.891,18,52,306.198,,,FALSE,FALSE,,,,,,,,,,,,,,,,,,,,,,
987,2018,11,7/22/2018,13:10:00,7/22/2018 13:10,germany,Formula 1 Emirates Grosser Preis von Deutschland 2018,KNOCKOUT,,hockenheimring,RACE,CLOCKWISE,4.574,17,67,306.458,,,FALSE,FALSE,,,,,,,,,,,,,,,,,,,,,,
988,2018,12,7/29/2018,13:10:00,7/29/2018 13:10,hungary,Formula 1 Rolex Magyar Nagydíj 2018,KNOCKOUT,,hungaroring,RACE,CLOCKWISE,4.381,14,70,306.63,,,FALSE,FALSE,,,,,,,,,,,,,,,,,,,,,,
989,2018,13,8/26/2018,13:10:00,8/26/2018 13:10,belgium,Formula 1 2018 Johnnie Walker Belgian Grand Prix,KNOCKOUT,,spa-francorchamps,RACE,CLOCKWISE,7.004,19,44,308.052,,,FALSE,FALSE,,,,,,,,,,,,,,,,,,,,,,
990,2018,14,9/2/2018,13:10:00,9/2/2018 13:10,italy,Formula 1 Gran Premio Heineken d'Italia 2018,KNOCKOUT,,monza,RACE,CLOCKWISE,5.793,11,53,306.72,,,FALSE,FALSE,,,,,,,,,,,,,,,,,,,,,,
991,2018,15,9/16/2018,12:10:00,9/16/2018 12:10,singapore,Formula 1 2018 Singapore Airlines Singapore Grand Prix,KNOCKOUT,,marina-bay,STREET,ANTI_CLOCKWISE,5.063,23,61,308.706,,,FALSE,FALSE,,,,,,,,,,,,,,,,,,,,,,
992,2018,16,9/30/2018,11:10:00,9/30/2018 11:10,russia,Formula 1 2018 VTB Russian Grand Prix,KNOCKOUT,,sochi,ROAD,CLOCKWISE,5.848,18,53,309.745,,,FALSE,FALSE,,,,,,,,,,,,,,,,,,,,,,
993,2018,17,10/7/2018,5:10:00,10/7/2018 5:10,japan,Formula 1 2018 Honda Japanese Grand Prix,KNOCKOUT,,suzuka,RACE,CLOCKWISE,5.807,18,53,307.471,,,FALSE,FALSE,,,,,,,,,,,,,,,,,,,,,,
994,2018,18,10/21/2018,18:10:00,10/21/2018 18:10,united-states,Formula 1 Pirelli 2018 United States Grand Prix,KNOCKOUT,,austin,RACE,ANTI_CLOCKWISE,5.513,20,56,308.405,,,FALSE,FALSE,,,,,,,,,,,,,,,,,,,,,,
995,2018,19,10/28/2018,19:10:00,10/28/2018 19:10,mexico,Formula 1 Gran Premio de México 2018,KNOCKOUT,,mexico-city,RACE,CLOCKWISE,4.304,17,71,305.354,,,TRUE,FALSE,,,,,,,,,,,,,,,,,,,,,,
996,2018,20,11/11/2018,17:10:00,11/11/2018 17:10,brazil,Formula 1 Grande Prêmio Heineken do Brasil 2018,KNOCKOUT,,interlagos,RACE,ANTI_CLOCKWISE,4.309,15,71,305.909,,,FALSE,TRUE,,,,,,,,,,,,,,,,,,,,,,
997,2018,21,11/25/2018,13:10:00,11/25/2018 13:10,abu-dhabi,Formula 1 2018 Etihad Airways Abu Dhabi Grand Prix,KNOCKOUT,,yas-marina,RACE,ANTI_CLOCKWISE,5.554,21,55,305.355,,,FALSE,FALSE,,,,,,,,,,,,,,,,,,,,,,
998,2019,1,3/17/2019,5:10:00,3/17/2019 5:10,australia,Formula 1 Rolex Australian Grand Prix 2019,KNOCKOUT,,melbourne,STREET,CLOCKWISE,5.303,16,58,307.574,,,FALSE,FALSE,,,,,,,,,,,,,,,,,,,,,,
999,2019,2,3/31/2019,15:10:00,3/31/2019 15:10,bahrain,Formula 1 Gulf Air Bahrain Grand Prix 2019,KNOCKOUT,,bahrain,RACE,CLOCKWISE,5.412,15,57,308.238,,,FALSE,FALSE,,,,,,,,,,,,,,,,,,,,,,
1000,2019,3,4/14/2019,6:10:00,4/14/2019 6:10,china,Formula 1 Heineken Chinese Grand Prix 2019,KNOCKOUT,,shanghai,RACE,CLOCKWISE,5.451,16,56,305.066,,,FALSE,FALSE,,,,,,,,,,,,,,,,,,,,,,
1001,2019,4,4/28/2019,12:10:00,4/28/2019 12:10,azerbaijan,Formula 1 SOCAR Azerbaijan Grand Prix 2019,KNOCKOUT,,baku,STREET,ANTI_CLOCKWISE,6.003,20,51,306.049,,,FALSE,FALSE,,,,,,,,,,,,,,,,,,,,,,
1002,2019,5,5/12/2019,13:10:00,5/12/2019 13:10,spain,Formula 1 Emirates Gran Premio de España 2019,KNOCKOUT,,catalunya,RACE,CLOCKWISE,4.655,16,66,307.104,,,FALSE,FALSE,,,,,,,,,,,,,,,,,,,,,,
1003,2019,6,5/26/2019,13:10:00,5/26/2019 13:10,monaco,Formula 1 Grand Prix de Monaco 2019,KNOCKOUT,,monaco,STREET,CLOCKWISE,3.337,19,78,260.286,,,FALSE,FALSE,,,,,,,,,,,,,,,,,,,,,,
1004,2019,7,6/9/2019,18:10:00,6/9/2019 18:10,canada,Formula 1 Pirelli Grand Prix du Canada 2019,KNOCKOUT,,montreal,STREET,CLOCKWISE,4.361,14,70,305.27,,,FALSE,FALSE,,,,,,,,,,,,,,,,,,,,,,
1005,2019,8,6/23/2019,13:10:00,6/23/2019 13:10,france,Formula 1 Pirelli Grand Prix de France 2019,KNOCKOUT,,paul-ricard,RACE,CLOCKWISE,5.842,15,53,309.69,,,FALSE,FALSE,,,,,,,,,,,,,,,,,,,,,,
1006,2019,9,6/30/2019,13:10:00,6/30/2019 13:10,austria,Formula 1 myWorld Grosser Preis von Österreich 2019,KNOCKOUT,,spielberg,RACE,CLOCKWISE,4.318,10,71,306.452,,,FALSE,FALSE,,,,,,,,,,,,,,,,,,,,,,
1007,2019,10,7/14/2019,13:10:00,7/14/2019 13:10,great-britain,Formula 1 Rolex British Grand Prix 2019,KNOCKOUT,,silverstone,RACE,CLOCKWISE,5.891,18,52,306.198,,,FALSE,FALSE,,,,,,,,,,,,,,,,,,,,,,
1008,2019,11,7/28/2019,13:10:00,7/28/2019 13:10,germany,Formula 1 Mercedes-Benz Grosser Preis von Deutschland 2019,KNOCKOUT,,hockenheimring,RACE,CLOCKWISE,4.574,17,64,292.736,67,306.458,FALSE,FALSE,,,,,,,,,,,,,,,,,,,,,,
1009,2019,12,8/4/2019,13:10:00,8/4/2019 13:10,hungary,Formula 1 Rolex Magyar Nagydíj 2019,KNOCKOUT,,hungaroring,RACE,CLOCKWISE,4.381,14,70,306.63,,,FALSE,FALSE,,,,,,,,,,,,,,,,,,,,,,
1010,2019,13,9/1/2019,13:10:00,9/1/2019 13:10,belgium,Formula 1 Johnnie Walker Belgian Grand Prix 2019,KNOCKOUT,,spa-francorchamps,RACE,CLOCKWISE,7.004,19,44,308.052,,,FALSE,FALSE,,,,,,,,,,,,,,,,,,,,,,
1011,2019,14,9/8/2019,13:10:00,9/8/2019 13:10,italy,Formula 1 Gran Premio Heineken d'Italia 2019,KNOCKOUT,,monza,RACE,CLOCKWISE,5.793,11,53,306.72,,,FALSE,FALSE,,,,,,,,,,,,,,,,,,,,,,
1012,2019,15,9/22/2019,12:10:00,9/22/2019 12:10,singapore,Formula 1 Singapore Airlines Singapore Grand Prix 2019,KNOCKOUT,,marina-bay,STREET,ANTI_CLOCKWISE,5.063,23,61,308.706,,,FALSE,FALSE,,,,,,,,,,,,,,,,,,,,,,
1013,2019,16,9/29/2019,11:10:00,9/29/2019 11:10,russia,Formula 1 VTB Russian Grand Prix 2019,KNOCKOUT,,sochi,ROAD,CLOCKWISE,5.848,18,53,309.745,,,FALSE,FALSE,,,,,,,,,,,,,,,,,,,,,,
1014,2019,17,10/13/2019,5:10:00,10/13/2019 5:10,japan,Formula 1 Japanese Grand Prix 2019,KNOCKOUT,,suzuka,RACE,CLOCKWISE,5.807,18,52,301.664,53,307.471,FALSE,TRUE,,,,,,,,,,,,,,,,,,,,,,
1015,2019,18,10/27/2019,19:10:00,10/27/2019 19:10,mexico,Formula 1 Gran Premio de México 2019,KNOCKOUT,,mexico-city,RACE,CLOCKWISE,4.304,17,71,305.354,,,FALSE,FALSE,,,,,,,,,,,,,,,,,,,,,,
1016,2019,19,11/3/2019,19:10:00,11/3/2019 19:10,united-states,Formula 1 Emirates United States Grand Prix 2019,KNOCKOUT,,austin,RACE,ANTI_CLOCKWISE,5.513,20,56,308.405,,,TRUE,FALSE,,,,,,,,,,,,,,,,,,,,,,
1017,2019,20,11/17/2019,17:10:00,11/17/2019 17:10,brazil,Formula 1 Heineken Grande Prêmio do Brasil 2019,KNOCKOUT,,interlagos,RACE,ANTI_CLOCKWISE,4.309,15,71,305.909,,,FALSE,FALSE,,,,,,,,,,,,,,,,,,,,,,
1018,2019,21,12/1/2019,13:10:00,12/1/2019 13:10,abu-dhabi,Formula 1 Etihad Airways Abu Dhabi Grand Prix 2019,KNOCKOUT,,yas-marina,RACE,ANTI_CLOCKWISE,5.554,21,55,305.355,,,FALSE,FALSE,,,,,,,,,,,,,,,,,,,,,,
1019,2020,1,7/5/2020,13:10:00,7/5/2020 13:10,austria,Formula 1 Rolex Grosser Preis von Österreich 2020,KNOCKOUT,,spielberg,RACE,CLOCKWISE,4.318,10,71,306.452,,,FALSE,FALSE,,,,,,,,,,,,,,,,,,,,,,
1020,2020,2,7/12/2020,13:10:00,7/12/2020 13:10,styria,Formula 1 Pirelli Grosser Preis der Steiermark 2020,KNOCKOUT,,spielberg,RACE,CLOCKWISE,4.318,10,71,306.452,,,FALSE,FALSE,,,,,,,,,,,,,,,,,,,,,,
1021,2020,3,7/19/2020,13:10:00,7/19/2020 13:10,hungary,Formula 1 Aramco Magyar Nagydíj 2020,KNOCKOUT,,hungaroring,RACE,CLOCKWISE,4.381,14,70,306.63,,,FALSE,FALSE,,,,,,,,,,,,,,,,,,,,,,
1022,2020,4,8/2/2020,13:10:00,8/2/2020 13:10,great-britain,Formula 1 Pirelli British Grand Prix 2020,KNOCKOUT,,silverstone,RACE,CLOCKWISE,5.891,18,52,306.198,,,FALSE,FALSE,,,,,,,,,,,,,,,,,,,,,,
1023,2020,5,8/9/2020,13:10:00,8/9/2020 13:10,70th-anniversary,Emirates Formula 1 70th Anniversary Grand Prix 2020,KNOCKOUT,,silverstone,RACE,CLOCKWISE,5.891,18,52,306.198,,,FALSE,FALSE,,,,,,,,,,,,,,,,,,,,,,
1024,2020,6,8/16/2020,13:10:00,8/16/2020 13:10,spain,Formula 1 Aramco Gran Premio de España 2020,KNOCKOUT,,catalunya,RACE,CLOCKWISE,4.655,16,66,307.104,,,FALSE,FALSE,,,,,,,,,,,,,,,,,,,,,,
1025,2020,7,8/30/2020,13:10:00,8/30/2020 13:10,belgium,Formula 1 Rolex Belgian Grand Prix 2020,KNOCKOUT,,spa-francorchamps,RACE,CLOCKWISE,7.004,19,44,308.052,,,FALSE,FALSE,,,,,,,,,,,,,,,,,,,,,,
1026,2020,8,9/6/2020,13:10:00,9/6/2020 13:10,italy,Formula 1 Gran Premio Heineken d'Italia 2020,KNOCKOUT,,monza,RACE,CLOCKWISE,5.793,11,53,306.72,,,FALSE,FALSE,,,,,,,,,,,,,,,,,,,,,,
1027,2020,9,9/13/2020,13:10:00,9/13/2020 13:10,tuscany,Formula 1 Gran Premio Della Toscana Ferrari 1000 2020,KNOCKOUT,,mugello,RACE,CLOCKWISE,5.245,15,59,309.455,,,FALSE,FALSE,,,,,,,,,,,,,,,,,,,,,,
1028,2020,10,9/27/2020,11:10:00,9/27/2020 11:10,russia,Formula 1 VTB Russian Grand Prix 2020,KNOCKOUT,,sochi,ROAD,CLOCKWISE,5.848,18,53,309.745,,,FALSE,FALSE,,,,,,,,,,,,,,,,,,,,,,
1029,2020,11,10/11/2020,13:10:00,10/11/2020 13:10,eifel,Formula 1 Aramco Grosser Preis der Eifel 2020,KNOCKOUT,,nurburgring,RACE,CLOCKWISE,5.148,15,60,308.623,,,FALSE,FALSE,,,,,,,,,,,,,,,,,,,,,,
1030,2020,12,10/25/2020,12:10:00,10/25/2020 12:10,portugal,Formula 1 Heineken Grande Prémio de Portugal 2020,KNOCKOUT,,portimao,RACE,CLOCKWISE,4.653,15,66,306.826,,,FALSE,FALSE,,,,,,,,,,,,,,,,,,,,,,
1031,2020,13,11/1/2020,12:10:00,11/1/2020 12:10,emilia-romagna,Formula 1 Emirates Gran Premio dell'Emilia Romagna 2020,KNOCKOUT,,imola,RACE,ANTI_CLOCKWISE,4.909,19,63,309.05,,,FALSE,TRUE,,,,,,,,,,,,,,,,,,,,,,
1032,2020,14,11/15/2020,10:10:00,11/15/2020 10:10,turkey,Formula 1 DHL Turkish Grand Prix 2020,KNOCKOUT,,istanbul,RACE,ANTI_CLOCKWISE,5.338,14,58,309.396,,,TRUE,FALSE,,,,,,,,,,,,,,,,,,,,,,
1033,2020,15,11/29/2020,14:10:00,11/29/2020 14:10,bahrain,Formula 1 Gulf Air Bahrain Grand Prix 2020,KNOCKOUT,,bahrain,RACE,CLOCKWISE,5.412,15,57,308.238,,,FALSE,FALSE,,,,,,,,,,,,,,,,,,,,,,
1034,2020,16,12/6/2020,17:10:00,12/6/2020 17:10,sakhir,Formula 1 Rolex Sakhir Grand Prix 2020,KNOCKOUT,,bahrain,RACE,CLOCKWISE,3.543,11,87,307.995,,,FALSE,FALSE,,,,,,,,,,,,,,,,,,,,,,
1035,2020,17,12/13/2020,13:10:00,12/13/2020 13:10,abu-dhabi,Formula 1 Etihad Airways Abu Dhabi Grand Prix 2020,KNOCKOUT,,yas-marina,RACE,ANTI_CLOCKWISE,5.554,21,55,305.355,,,FALSE,FALSE,,,,,,,,,,,,,,,,,,,,,,
1036,2021,1,3/28/2021,15:00:00,3/28/2021 15:00,bahrain,Formula 1 Gulf Air Bahrain Grand Prix 2021,KNOCKOUT,,bahrain,RACE,CLOCKWISE,5.412,15,57,308.238,,,FALSE,FALSE,,,,,,,,,,,,,,,,,,,,,,
1037,2021,2,4/18/2021,13:00:00,4/18/2021 13:00,emilia-romagna,Formula 1 Pirelli Gran Premio del Made in Italy e dell'Emilia Romagna 2021,KNOCKOUT,,imola,RACE,ANTI_CLOCKWISE,4.909,19,63,309.05,,,FALSE,FALSE,,,,,,,,,,,,,,,,,,,,,,
1038,2021,3,5/2/2021,14:00:00,5/2/2021 14:00,portugal,Formula 1 Heineken Grande Prémio de Portugal 2021,KNOCKOUT,,portimao,RACE,CLOCKWISE,4.653,15,66,306.826,,,FALSE,FALSE,,,,,,,,,,,,,,,,,,,,,,
1039,2021,4,5/9/2021,13:00:00,5/9/2021 13:00,spain,Formula 1 Aramco Gran Premio de España 2021,KNOCKOUT,,catalunya,RACE,CLOCKWISE,4.675,16,66,308.424,,,FALSE,FALSE,,,,,,,,,,,,,,,,,,,,,,
1040,2021,5,5/23/2021,13:00:00,5/23/2021 13:00,monaco,Formula 1 Grand Prix de Monaco 2021,KNOCKOUT,,monaco,STREET,CLOCKWISE,3.337,19,78,260.286,,,FALSE,FALSE,,,,,,,,,,,,,,,,,,,,,,
1041,2021,6,6/6/2021,12:00:00,6/6/2021 12:00,azerbaijan,Formula 1 Azerbaijan Grand Prix 2021,KNOCKOUT,,baku,STREET,ANTI_CLOCKWISE,6.003,20,51,306.049,,,FALSE,FALSE,,,,,,,,,,,,,,,,,,,,,,
1042,2021,7,6/20/2021,13:00:00,6/20/2021 13:00,france,Formula 1 Emirates Grand Prix de France 2021,KNOCKOUT,,paul-ricard,RACE,CLOCKWISE,5.842,15,53,309.69,,,FALSE,FALSE,,,,,,,,,,,,,,,,,,,,,,
1043,2021,8,6/27/2021,13:00:00,6/27/2021 13:00,styria,Formula 1 BWT Grosser Preis der Steiermark 2021,KNOCKOUT,,spielberg,RACE,CLOCKWISE,4.318,10,71,306.452,,,FALSE,FALSE,,,,,,,,,,,,,,,,,,,,,,
1044,2021,9,7/4/2021,13:00:00,7/4/2021 13:00,austria,Formula 1 BWT Grosser Preis von Österreich 2021,KNOCKOUT,,spielberg,RACE,CLOCKWISE,4.318,10,71,306.452,,,FALSE,FALSE,,,,,,,,,,,,,,,,,,,,,,
1045,2021,10,7/18/2021,14:00:00,7/18/2021 14:00,great-britain,Formula 1 Pirelli British Grand Prix 2021,SPRINT_RACE,,silverstone,RACE,CLOCKWISE,5.891,18,52,306.198,,,FALSE,FALSE,,,,,,,,,,,,,,,,,,,,,,
1046,2021,11,8/1/2021,13:00:00,8/1/2021 13:00,hungary,Formula 1 Rolex Magyar Nagydíj 2021,KNOCKOUT,,hungaroring,RACE,CLOCKWISE,4.381,14,70,306.63,,,FALSE,FALSE,,,,,,,,,,,,,,,,,,,,,,
1047,2021,12,8/29/2021,13:00:00,8/29/2021 13:00,belgium,Formula 1 Rolex Belgian Grand Prix 2021,KNOCKOUT,,spa-francorchamps,RACE,CLOCKWISE,7.004,19,1,6.88,44,308.052,FALSE,FALSE,,,,,,,,,,,,,,,,,,,,,,
1048,2021,13,9/5/2021,13:00:00,9/5/2021 13:00,netherlands,Formula 1 Heineken Dutch Grand Prix 2021,KNOCKOUT,,zandvoort,RACE,CLOCKWISE,4.259,14,72,306.648,,,FALSE,FALSE,,,,,,,,,,,,,,,,,,,,,,
1049,2021,14,9/12/2021,13:00:00,9/12/2021 13:00,italy,Formula 1 Heineken Gran Premio d'Italia 2021,SPRINT_RACE,,monza,RACE,CLOCKWISE,5.793,11,53,306.72,,,FALSE,FALSE,,,,,,,,,,,,,,,,,,,,,,
1050,2021,15,9/26/2021,12:00:00,9/26/2021 12:00,russia,Formula 1 VTB Russian Grand Prix 2021,KNOCKOUT,,sochi,ROAD,CLOCKWISE,5.848,18,53,309.745,,,FALSE,FALSE,,,,,,,,,,,,,,,,,,,,,,
1051,2021,16,10/3/2021,12:00:00,10/3/2021 12:00,turkey,Formula 1 Rolex Turkish Grand Prix 2021,KNOCKOUT,,istanbul,RACE,ANTI_CLOCKWISE,5.338,14,58,309.396,,,FALSE,FALSE,,,,,,,,,,,,,,,,,,,,,,
1052,2021,17,10/24/2021,19:00:00,10/24/2021 19:00,united-states,Formula 1 Aramco United States Grand Prix 2021,KNOCKOUT,,austin,RACE,ANTI_CLOCKWISE,5.513,20,56,308.405,,,FALSE,FALSE,,,,,,,,,,,,,,,,,,,,,,
1053,2021,18,11/7/2021,19:00:00,11/7/2021 19:00,mexico,Formula 1 Gran Premio de la Ciudad de México 2021,KNOCKOUT,,mexico-city,RACE,CLOCKWISE,4.304,17,71,305.354,,,FALSE,FALSE,,,,,,,,,,,,,,,,,,,,,,
1054,2021,19,11/14/2021,17:00:00,11/14/2021 17:00,sao-paulo,Formula 1 Heineken Grande Prêmio de São Paulo 2021,SPRINT_RACE,,interlagos,RACE,ANTI_CLOCKWISE,4.309,15,71,305.909,,,FALSE,FALSE,,,,,,,,,,,,,,,,,,,,,,
1055,2021,20,11/21/2021,14:00:00,11/21/2021 14:00,qatar,Formula 1 Ooredoo Qatar Grand Prix 2021,KNOCKOUT,,lusail,RACE,CLOCKWISE,5.38,16,57,306.66,,,FALSE,FALSE,,,,,,,,,,,,,,,,,,,,,,
1056,2021,21,12/5/2021,17:30:00,12/5/2021 17:30,saudi-arabia,Formula 1 stc Saudi Arabian Grand Prix 2021,KNOCKOUT,,jeddah,STREET,ANTI_CLOCKWISE,6.174,27,50,308.45,,,FALSE,FALSE,,,,,,,,,,,,,,,,,,,,,,
1057,2021,22,12/12/2021,13:00:00,12/12/2021 13:00,abu-dhabi,Formula 1 Etihad Airways Abu Dhabi Grand Prix 2021,KNOCKOUT,,yas-marina,RACE,ANTI_CLOCKWISE,5.281,16,58,306.183,,,TRUE,TRUE,,,,,,,,,,,,,,,,,,,,,,
1058,2022,1,3/20/2022,15:00:00,3/20/2022 15:00,bahrain,Formula 1 Gulf Air Bahrain Grand Prix 2022,KNOCKOUT,,bahrain,RACE,CLOCKWISE,5.412,15,57,308.238,,,FALSE,FALSE,,,,,,,,,,,,,,,,,,,,,,
1059,2022,2,3/27/2022,17:00:00,3/27/2022 17:00,saudi-arabia,Formula 1 stc Saudi Arabian Grand Prix 2022,KNOCKOUT,,jeddah,STREET,ANTI_CLOCKWISE,6.174,27,50,308.45,,,FALSE,FALSE,,,,,,,,,,,,,,,,,,,,,,
1060,2022,3,4/10/2022,5:00:00,4/10/2022 5:00,australia,Formula 1 Heineken Australian Grand Prix 2022,KNOCKOUT,,melbourne,STREET,CLOCKWISE,5.278,14,58,306.124,,,FALSE,FALSE,,,,,,,,,,,,,,,,,,,,,,
1061,2022,4,4/24/2022,13:00:00,4/24/2022 13:00,emilia-romagna,Formula 1 Rolex Gran Premio dell'Emilia Romagna 2022,SPRINT_RACE,,imola,RACE,ANTI_CLOCKWISE,4.909,19,63,309.049,,,FALSE,FALSE,,,,,,,,,,,,,,,,,,,,,,
1062,2022,5,5/8/2022,19:30:00,5/8/2022 19:30,miami,Formula 1 Crypto.com Miami Grand Prix 2022,KNOCKOUT,,miami,STREET,ANTI_CLOCKWISE,5.412,19,57,308.326,,,FALSE,FALSE,,,,,,,,,,,,,,,,,,,,,,
1063,2022,6,5/22/2022,13:00:00,5/22/2022 13:00,spain,Formula 1 Pirelli Gran Premio de España 2022,KNOCKOUT,,catalunya,RACE,CLOCKWISE,4.675,16,66,308.424,,,FALSE,FALSE,,,,,,,,,,,,,,,,,,,,,,
1064,2022,7,5/29/2022,13:00:00,5/29/2022 13:00,monaco,Formula 1 Grand Prix de Monaco 2022,KNOCKOUT,,monaco,STREET,CLOCKWISE,3.337,19,64,213.568,78,260.286,FALSE,FALSE,,,,,,,,,,,,,,,,,,,,,,
1065,2022,8,6/12/2022,11:00:00,6/12/2022 11:00,azerbaijan,Formula 1 Azerbaijan Grand Prix 2022,KNOCKOUT,,baku,STREET,ANTI_CLOCKWISE,6.003,20,51,306.049,,,FALSE,FALSE,,,,,,,,,,,,,,,,,,,,,,
1066,2022,9,6/19/2022,18:00:00,6/19/2022 18:00,canada,Formula 1 Grand Prix du Canada 2022,KNOCKOUT,,montreal,STREET,CLOCKWISE,4.361,14,70,305.27,,,FALSE,FALSE,,,,,,,,,,,,,,,,,,,,,,
1067,2022,10,7/3/2022,14:00:00,7/3/2022 14:00,great-britain,Formula 1 Lenovo British Grand Prix 2022,KNOCKOUT,,silverstone,RACE,CLOCKWISE,5.891,18,52,306.198,,,FALSE,FALSE,,,,,,,,,,,,,,,,,,,,,,
1068,2022,11,7/10/2022,13:00:00,7/10/2022 13:00,austria,Formula 1 Grosser Preis von Österreich 2022,SPRINT_RACE,,spielberg,RACE,CLOCKWISE,4.318,10,71,306.452,,,FALSE,FALSE,,,,,,,,,,,,,,,,,,,,,,
1069,2022,12,7/24/2022,13:00:00,7/24/2022 13:00,france,Formula 1 Lenovo Grand Prix de France 2022,KNOCKOUT,,paul-ricard,RACE,CLOCKWISE,5.842,15,53,309.69,,,FALSE,FALSE,,,,,,,,,,,,,,,,,,,,,,
1070,2022,13,7/31/2022,13:00:00,7/31/2022 13:00,hungary,Formula 1 Aramco Magyar Nagydíj 2022,KNOCKOUT,,hungaroring,RACE,CLOCKWISE,4.381,14,70,306.63,,,FALSE,FALSE,,,,,,,,,,,,,,,,,,,,,,
1071,2022,14,8/28/2022,13:00:00,8/28/2022 13:00,belgium,Formula 1 Rolex Belgian Grand Prix 2022,KNOCKOUT,,spa-francorchamps,RACE,CLOCKWISE,7.004,19,44,308.052,,,FALSE,FALSE,,,,,,,,,,,,,,,,,,,,,,
1072,2022,15,9/4/2022,13:00:00,9/4/2022 13:00,netherlands,Formula 1 Heineken Dutch Grand Prix 2022,KNOCKOUT,,zandvoort,RACE,CLOCKWISE,4.259,14,72,306.587,,,FALSE,FALSE,,,,,,,,,,,,,,,,,,,,,,
1073,2022,16,9/11/2022,13:00:00,9/11/2022 13:00,italy,Formula 1 Pirelli Gran Premio d'Italia 2022,KNOCKOUT,,monza,RACE,CLOCKWISE,5.793,11,53,306.72,,,FALSE,FALSE,,,,,,,,,,,,,,,,,,,,,,
1074,2022,17,10/2/2022,12:00:00,10/2/2022 12:00,singapore,Formula 1 Singapore Airlines Singapore Grand Prix 2022,KNOCKOUT,,marina-bay,STREET,ANTI_CLOCKWISE,5.063,23,59,298.58,61,308.706,FALSE,FALSE,,,,,,,,,,,,,,,,,,,,,,
1075,2022,18,10/9/2022,5:00:00,10/9/2022 5:00,japan,Formula 1 Honda Japanese Grand Prix 2022,KNOCKOUT,,suzuka,RACE,CLOCKWISE,5.807,18,28,162.296,53,307.471,TRUE,FALSE,,,,,,,,,,,,,,,,,,,,,,
1076,2022,19,10/23/2022,19:00:00,10/23/2022 19:00,united-states,Formula 1 Aramco United States Grand Prix 2022,KNOCKOUT,,austin,RACE,ANTI_CLOCKWISE,5.513,20,56,308.405,,,FALSE,TRUE,,,,,,,,,,,,,,,,,,,,,,
1077,2022,20,10/30/2022,20:00:00,10/30/2022 20:00,mexico,Formula 1 Heineken Gran Premio de la Ciudad de México 2022,KNOCKOUT,,mexico-city,RACE,CLOCKWISE,4.304,17,71,305.354,,,FALSE,FALSE,,,,,,,,,,,,,,,,,,,,,,
1078,2022,21,11/13/2022,18:00:00,11/13/2022 18:00,sao-paulo,Formula 1 Heineken Grande Prêmio de São Paulo 2022,SPRINT_RACE,,interlagos,RACE,ANTI_CLOCKWISE,4.309,15,71,305.879,,,FALSE,FALSE,,,,,,,,,,,,,,,,,,,,,,
1079,2022,22,11/20/2022,13:00:00,11/20/2022 13:00,abu-dhabi,Formula 1 Etihad Airways Abu Dhabi Grand Prix 2022,KNOCKOUT,,yas-marina,RACE,ANTI_CLOCKWISE,5.281,16,58,306.183,,,FALSE,FALSE,,,,,,,,,,,,,,,,,,,,,,
1080,2023,1,3/5/2023,15:00:00,3/5/2023 15:00,bahrain,Formula 1 Gulf Air Bahrain Grand Prix 2023,KNOCKOUT,,bahrain,RACE,CLOCKWISE,5.412,15,57,308.238,,,FALSE,FALSE,,,,,,,,,,,,,,,,,,,,,,
1081,2023,2,3/19/2023,17:00:00,3/19/2023 17:00,saudi-arabia,Formula 1 stc Saudi Arabian Grand Prix 2023,KNOCKOUT,,jeddah,STREET,ANTI_CLOCKWISE,6.174,27,50,308.45,,,FALSE,FALSE,,,,,,,,,,,,,,,,,,,,,,
1082,2023,3,4/2/2023,5:00:00,4/2/2023 5:00,australia,Formula 1 Rolex Australian Grand Prix 2023,KNOCKOUT,,melbourne,STREET,CLOCKWISE,5.278,14,58,306.124,,,FALSE,FALSE,,,,,,,,,,,,,,,,,,,,,,
1083,2023,4,4/30/2023,11:00:00,4/30/2023 11:00,azerbaijan,Formula 1 Azerbaijan Grand Prix 2023,KNOCKOUT,SPRINT_SHOOTOUT,baku,STREET,ANTI_CLOCKWISE,6.003,20,51,306.049,,,FALSE,FALSE,,,,,,,,,,,,,,,,,,,,,,
1084,2023,5,5/7/2023,19:30:00,5/7/2023 19:30,miami,Formula 1 Crypto.com Miami Grand Prix 2023,KNOCKOUT,,miami,STREET,ANTI_CLOCKWISE,5.412,19,57,308.326,,,FALSE,FALSE,,,,,,,,,,,,,,,,,,,,,,
1085,2023,6,5/28/2023,13:00:00,5/28/2023 13:00,monaco,Formula 1 Grand Prix de Monaco 2023,KNOCKOUT,,monaco,STREET,CLOCKWISE,3.337,19,78,260.286,,,FALSE,FALSE,,,,,,,,,,,,,,,,,,,,,,
1086,2023,7,6/4/2023,13:00:00,6/4/2023 13:00,spain,Formula 1 AWS Gran Premio de España 2023,KNOCKOUT,,catalunya,RACE,CLOCKWISE,4.657,14,66,307.236,,,FALSE,FALSE,,,,,,,,,,,,,,,,,,,,,,
1087,2023,8,6/18/2023,18:00:00,6/18/2023 18:00,canada,Formula 1 Pirelli Grand Prix du Canada 2023,KNOCKOUT,,montreal,STREET,CLOCKWISE,4.361,14,70,305.27,,,FALSE,FALSE,,,,,,,,,,,,,,,,,,,,,,
1088,2023,9,7/2/2023,13:00:00,7/2/2023 13:00,austria,Formula 1 Rolex Grosser Preis von Österreich 2023,KNOCKOUT,SPRINT_SHOOTOUT,spielberg,RACE,CLOCKWISE,4.318,10,71,306.452,,,FALSE,FALSE,,,,,,,,,,,,,,,,,,,,,,
1089,2023,10,7/9/2023,14:00:00,7/9/2023 14:00,great-britain,Formula 1 Aramco British Grand Prix 2023,KNOCKOUT,,silverstone,RACE,CLOCKWISE,5.891,18,52,306.198,,,FALSE,FALSE,,,,,,,,,,,,,,,,,,,,,,
1090,2023,11,7/23/2023,13:00:00,7/23/2023 13:00,hungary,Formula 1 Qatar Airways Hungarian Grand Prix 2023,KNOCKOUT,,hungaroring,RACE,CLOCKWISE,4.381,14,70,306.63,,,FALSE,FALSE,,,,,,,,,,,,,,,,,,,,,,
1091,2023,12,7/30/2023,13:00:00,7/30/2023 13:00,belgium,Formula 1 MSC Cruises Belgian Grand Prix 2023,KNOCKOUT,SPRINT_SHOOTOUT,spa-francorchamps,RACE,CLOCKWISE,7.004,19,44,308.052,,,FALSE,FALSE,,,,,,,,,,,,,,,,,,,,,,
1092,2023,13,8/27/2023,13:00:00,8/27/2023 13:00,netherlands,Formula 1 Heineken Dutch Grand Prix 2023,KNOCKOUT,,zandvoort,RACE,CLOCKWISE,4.259,14,72,306.587,,,FALSE,FALSE,,,,,,,,,,,,,,,,,,,,,,
1093,2023,14,9/3/2023,13:00:00,9/3/2023 13:00,italy,Formula 1 Pirelli Gran Premio d'Italia 2023,KNOCKOUT,,monza,RACE,CLOCKWISE,5.793,11,51,295.134,53,306.72,FALSE,FALSE,,,,,,,,,,,,,,,,,,,,,,
1094,2023,15,9/17/2023,12:00:00,9/17/2023 12:00,singapore,Formula 1 Singapore Airlines Singapore Grand Prix 2023,KNOCKOUT,,marina-bay,STREET,ANTI_CLOCKWISE,4.94,19,62,306.143,,,FALSE,FALSE,,,,,,,,,,,,,,,,,,,,,,
1095,2023,16,9/24/2023,5:00:00,9/24/2023 5:00,japan,Formula 1 Lenovo Japanese Grand Prix 2023,KNOCKOUT,,suzuka,RACE,CLOCKWISE,5.807,18,53,307.471,,,FALSE,TRUE,,,,,,,,,,,,,,,,,,,,,,
1096,2023,17,10/8/2023,17:00:00,10/8/2023 17:00,qatar,Formula 1 Qatar Airways Qatar Grand Prix 2023,KNOCKOUT,SPRINT_SHOOTOUT,lusail,RACE,CLOCKWISE,5.419,16,57,308.611,,,TRUE,FALSE,,,,,,,,,,,,,,,,,,,,,,
1097,2023,18,10/22/2023,19:00:00,10/22/2023 19:00,united-states,Formula 1 Lenovo United States Grand Prix 2023,KNOCKOUT,SPRINT_SHOOTOUT,austin,RACE,ANTI_CLOCKWISE,5.513,20,56,308.405,,,FALSE,FALSE,,,,,,,,,,,,,,,,,,,,,,
1098,2023,19,10/29/2023,20:00:00,10/29/2023 20:00,mexico,Formula 1 Gran Premio de la Ciudad de México 2023,KNOCKOUT,,mexico-city,RACE,CLOCKWISE,4.304,17,71,305.354,,,FALSE,FALSE,,,,,,,,,,,,,,,,,,,,,,
1099,2023,20,11/5/2023,17:00:00,11/5/2023 17:00,sao-paulo,Formula 1 Rolex Grande Prêmio de São Paulo 2023,KNOCKOUT,SPRINT_SHOOTOUT,interlagos,RACE,ANTI_CLOCKWISE,4.309,15,71,305.879,,,FALSE,FALSE,,,,,,,,,,,,,,,,,,,,,,
1100,2023,21,11/18/2023,6:00:00,11/18/2023 6:00,las-vegas,Formula 1 Heineken Silver Las Vegas Grand Prix 2023,KNOCKOUT,,las-vegas,STREET,ANTI_CLOCKWISE,6.201,17,50,309.958,,,FALSE,FALSE,,,,,,,,,,,,,,,,,,,,,,
1101,2023,22,11/26/2023,13:00:00,11/26/2023 13:00,abu-dhabi,Formula 1 Etihad Airways Abu Dhabi Grand Prix 2023,KNOCKOUT,,yas-marina,RACE,ANTI_CLOCKWISE,5.281,16,58,306.183,,,FALSE,FALSE,,,,,,,,,,,,,,,,,,,,,,
1102,2024,1,3/2/2024,15:00,3/2/2024 15:00,bahrain,Formula 1 Gulf Air Bahrain Grand Prix 2024,KNOCKOUT,,bahrain,RACE,CLOCKWISE,5.412,15,57,308.238,,,FALSE,FALSE,,,2/29/2024,11:30,2/29/2024,15:00,3/1/2024,12:30,,,,,,,3/1/2024,16:00,,,,,,
1103,2024,2,3/9/2024,17:00,3/9/2024 17:00,saudi-arabia,Formula 1 stc Saudi Arabian Grand Prix 2024,KNOCKOUT,,jeddah,STREET,ANTI_CLOCKWISE,6.174,27,50,308.45,,,FALSE,FALSE,,,3/7/2024,13:30,3/7/2024,17:00,3/8/2024,13:30,,,,,,,3/8/2024,17:00,,,,,,
1104,2024,3,3/24/2024,4:00,3/24/2024 4:00,australia,Formula 1 Rolex Australian Grand Prix 2024,KNOCKOUT,,melbourne,STREET,CLOCKWISE,5.278,14,58,306.124,,,FALSE,FALSE,,,3/22/2024,1:30,3/22/2024,5:00,3/23/2024,1:30,,,,,,,3/23/2024,5:00,,,,,,
1105,2024,4,4/7/2024,5:00,4/7/2024 5:00,japan,Formula 1 MSC Cruises Japanese Grand Prix 2024,KNOCKOUT,,suzuka,RACE,CLOCKWISE,5.807,18,53,307.471,,,FALSE,FALSE,,,4/5/2024,2:30,4/5/2024,6:00,4/6/2024,2:30,,,,,,,4/6/2024,6:00,,,,,,
1106,2024,5,4/21/2024,7:00,4/21/2024 7:00,china,Formula 1 Lenovo Chinese Grand Prix 2024,KNOCKOUT,SPRINT_SHOOTOUT,shanghai,RACE,CLOCKWISE,5.451,16,56,305.066,,,FALSE,FALSE,,,4/19/2024,3:30,,,,,,,,,,,4/20/2024,7:00,4/19/2024,7:30,4/20/2024,3:00,,
1107,2024,6,5/5/2024,20:00,5/5/2024 20:00,miami,Formula 1 Crypto.com Miami Grand Prix 2024,KNOCKOUT,SPRINT_SHOOTOUT,miami,STREET,ANTI_CLOCKWISE,5.412,19,57,308.326,,,FALSE,FALSE,,,5/3/2024,16:30,,,,,,,,,,,5/4/2024,20:00,5/3/2024,20:30,5/4/2024,16:00,,
1108,2024,7,5/19/2024,13:00,5/19/2024 13:00,emilia-romagna,Formula 1 MSC Cruises Gran Premio dell'Emilia Romagna 2024,KNOCKOUT,,imola,RACE,ANTI_CLOCKWISE,4.909,19,63,309.049,,,FALSE,FALSE,,,5/17/2024,11:30,5/17/2024,15:00,5/18/2024,10:30,,,,,,,5/18/2024,14:00,,,,,,
1109,2024,8,5/26/2024,13:00,5/26/2024 13:00,monaco,Formula 1 Grand Prix de Monaco 2024,KNOCKOUT,,monaco,STREET,CLOCKWISE,3.337,19,78,260.286,,,FALSE,FALSE,,,5/24/2024,11:30,5/24/2024,15:00,5/25/2024,10:30,,,,,,,5/25/2024,14:00,,,,,,
1110,2024,9,6/9/2024,18:00,6/9/2024 18:00,canada,Formula 1 Grand Prix du Canada 2024,KNOCKOUT,,montreal,STREET,CLOCKWISE,4.361,14,70,305.27,,,FALSE,FALSE,,,6/7/2024,17:30,6/7/2024,21:00,6/8/2024,16:30,,,,,,,6/8/2024,20:00,,,,,,
1111,2024,10,6/23/2024,13:00,6/23/2024 13:00,spain,Formula 1 Aramco Gran Premio de España 2024,KNOCKOUT,,catalunya,RACE,CLOCKWISE,4.657,14,66,307.236,,,FALSE,FALSE,,,6/21/2024,11:30,6/21/2024,15:00,6/22/2024,10:30,,,,,,,6/22/2024,14:00,,,,,,
1112,2024,11,6/30/2024,13:00,6/30/2024 13:00,austria,Formula 1 Qatar Airways Austrian Grand Prix 2024,KNOCKOUT,SPRINT_SHOOTOUT,spielberg,RACE,CLOCKWISE,4.318,10,71,306.452,,,FALSE,FALSE,,,6/28/2024,10:30,,,,,,,,,,,6/29/2024,14:00,6/28/2024,14:30,6/29/2024,10:00,,
1113,2024,12,7/7/2024,14:00,7/7/2024 14:00,great-britain,Formula 1 Qatar Airways British Grand Prix 2024,KNOCKOUT,,silverstone,RACE,CLOCKWISE,5.891,18,52,306.198,,,FALSE,FALSE,,,7/5/2024,11:30,7/5/2024,15:00,7/6/2024,10:30,,,,,,,7/6/2024,14:00,,,,,,
1114,2024,13,7/21/2024,13:00,7/21/2024 13:00,hungary,Formula 1 Hungarian Grand Prix 2024,KNOCKOUT,,hungaroring,RACE,CLOCKWISE,4.381,14,70,306.63,,,FALSE,FALSE,,,7/19/2024,11:30,7/19/2024,15:00,7/20/2024,10:30,,,,,,,7/20/2024,14:00,,,,,,
1115,2024,14,7/28/2024,13:00,7/28/2024 13:00,belgium,Formula 1 Rolex Belgian Grand Prix 2024,KNOCKOUT,,spa-francorchamps,RACE,CLOCKWISE,7.004,19,44,308.052,,,FALSE,FALSE,,,7/26/2024,11:30,7/26/2024,15:00,7/27/2024,10:30,,,,,,,7/27/2024,14:00,,,,,,
1116,2024,15,8/25/2024,13:00,8/25/2024 13:00,netherlands,Formula 1 Heineken Dutch Grand Prix 2024,KNOCKOUT,,zandvoort,RACE,CLOCKWISE,4.259,14,72,306.587,,,FALSE,FALSE,,,8/23/2024,10:30,8/23/2024,14:00,8/24/2024,9:30,,,,,,,8/24/2024,13:00,,,,,,
1117,2024,16,9/1/2024,13:00,9/1/2024 13:00,italy,Formula 1 Pirelli Gran Premio d'Italia 2024,KNOCKOUT,,monza,RACE,CLOCKWISE,5.793,11,53,306.72,,,FALSE,FALSE,,,8/30/2024,11:30,8/30/2024,15:00,8/31/2024,10:30,,,,,,,8/31/2024,14:00,,,,,,
1118,2024,17,9/15/2024,11:00,9/15/2024 11:00,azerbaijan,Formula 1 Qatar Airways Azerbaijan Grand Prix 2024,KNOCKOUT,,baku,STREET,ANTI_CLOCKWISE,6.003,20,51,306.049,,,FALSE,FALSE,,,9/13/2024,9:30,9/13/2024,13:00,9/14/2024,8:30,,,,,,,9/14/2024,12:00,,,,,,
1119,2024,18,9/22/2024,12:00,9/22/2024 12:00,singapore,Formula 1 Singapore Airlines Singapore Grand Prix 2024,KNOCKOUT,,marina-bay,STREET,ANTI_CLOCKWISE,4.94,19,62,306.143,,,FALSE,FALSE,,,9/20/2024,9:30,9/20/2024,13:00,9/21/2024,9:30,,,,,,,9/21/2024,13:00,,,,,,
1120,2024,19,10/20/2024,19:00,10/20/2024 19:00,united-states,Formula 1 Pirelli United States Grand Prix 2024,KNOCKOUT,SPRINT_SHOOTOUT,austin,RACE,ANTI_CLOCKWISE,5.513,20,56,308.405,,,FALSE,FALSE,,,10/18/2024,17:30,,,,,,,,,,,10/19/2024,22:00,10/18/2024,21:30,10/19/2024,18:00,,
1121,2024,20,10/27/2024,20:00,10/27/2024 20:00,mexico,Formula 1 Gran Premio de la Ciudad de México 2024,KNOCKOUT,,mexico-city,RACE,CLOCKWISE,4.304,17,71,305.354,,,FALSE,FALSE,,,10/25/2024,18:30,10/25/2024,22:00,10/26/2024,17:30,,,,,,,10/26/2024,21:00,,,,,,
1122,2024,21,11/3/2024,15:30,11/3/2024 15:30,sao-paulo,Formula 1 Lenovo Grande Prêmio de São Paulo 2024,KNOCKOUT,SPRINT_SHOOTOUT,interlagos,RACE,ANTI_CLOCKWISE,4.309,15,69,297.261,71,305.879,FALSE,FALSE,,,11/1/2024,14:30,,,,,,,,,,,11/3/2024,10:30,11/1/2024,18:30,11/2/2024,14:00,,
1123,2024,22,11/24/2024,6:00,11/24/2024 6:00,las-vegas,Formula 1 Heineken Silver Las Vegas Grand Prix 2024,KNOCKOUT,,las-vegas,STREET,ANTI_CLOCKWISE,6.201,17,50,309.958,,,TRUE,FALSE,,,11/22/2024,2:30,11/22/2024,6:00,11/23/2024,2:30,,,,,,,11/23/2024,6:00,,,,,,
1124,2024,23,12/1/2024,16:00,12/1/2024 16:00,qatar,Formula 1 Qatar Airways Qatar Grand Prix 2024,KNOCKOUT,SPRINT_SHOOTOUT,lusail,RACE,CLOCKWISE,5.419,16,57,308.611,,,FALSE,FALSE,,,11/29/2024,13:30,,,,,,,,,,,11/30/2024,18:00,11/29/2024,17:30,11/30/2024,14:00,,
1125,2024,24,12/8/2024,13:00,12/8/2024 13:00,abu-dhabi,Formula 1 Etihad Airways Abu Dhabi Grand Prix 2024,KNOCKOUT,,yas-marina,RACE,ANTI_CLOCKWISE,5.281,16,58,306.183,,,FALSE,TRUE,,,12/6/2024,9:30,12/6/2024,13:00,12/7/2024,10:30,,,,,,,12/7/2024,14:00,,,,,,
1126,2025,1,3/16/2025,4:00,3/16/2025 4:00,australia,Formula 1 Louis Vuitton Australian Grand Prix 2025,KNOCKOUT,,melbourne,STREET,CLOCKWISE,5.278,14,57,300.846,58,306.124,FALSE,FALSE,,,3/14/2025,1:30,3/14/2025,5:00,3/15/2025,1:30,,,,,,,3/15/2025,5:00,,,,,,
1127,2025,2,3/23/2025,7:00,3/23/2025 7:00,china,Formula 1 Heineken Chinese Grand Prix 2025,KNOCKOUT,SPRINT_SHOOTOUT,shanghai,RACE,CLOCKWISE,5.451,16,56,305.066,,,FALSE,FALSE,,,3/21/2025,3:30,,,,,,,,,,,3/22/2025,7:00,3/21/2025,7:30,3/22/2025,3:00,,
1128,2025,3,4/6/2025,5:00,4/6/2025 5:00,japan,Formula 1 Lenovo Japanese Grand Prix 2025,KNOCKOUT,,suzuka,RACE,CLOCKWISE,5.807,18,53,307.471,,,FALSE,FALSE,,,4/4/2025,2:30,4/4/2025,6:00,4/5/2025,2:30,,,,,,,4/5/2025,6:00,,,,,,
1129,2025,4,4/13/2025,15:00,4/13/2025 15:00,bahrain,Formula 1 Gulf Air Bahrain Grand Prix 2025,KNOCKOUT,,bahrain,RACE,CLOCKWISE,5.412,15,57,308.238,,,FALSE,FALSE,,,4/11/2025,11:30,4/11/2025,15:00,4/12/2025,12:30,,,,,,,4/12/2025,16:00,,,,,,
1130,2025,5,4/20/2025,17:00,4/20/2025 17:00,saudi-arabia,Formula 1 stc Saudi Arabian Grand Prix 2025,KNOCKOUT,,jeddah,STREET,ANTI_CLOCKWISE,6.174,27,50,308.45,,,FALSE,FALSE,,,4/18/2025,13:30,4/18/2025,17:00,4/19/2025,13:30,,,,,,,4/19/2025,17:00,,,,,,
1131,2025,6,5/4/2025,20:00,5/4/2025 20:00,miami,Formula 1 Crypto.com Miami Grand Prix 2025,KNOCKOUT,SPRINT_SHOOTOUT,miami,STREET,ANTI_CLOCKWISE,5.412,19,57,308.326,,,FALSE,FALSE,,,5/2/2025,16:30,,,,,,,,,,,5/3/2025,20:00,5/2/2025,20:30,5/3/2025,16:00,,
1132,2025,7,5/18/2025,13:00,5/18/2025 13:00,emilia-romagna,Formula 1 AWS Gran Premio del Made in Italy e dell'Emilia Romagna 2025,KNOCKOUT,,imola,RACE,ANTI_CLOCKWISE,4.909,19,63,309.049,,,FALSE,FALSE,,,5/16/2025,11:30,5/16/2025,15:00,5/17/2025,10:30,,,,,,,5/17/2025,14:00,,,,,,
1133,2025,8,5/25/2025,13:00,5/25/2025 13:00,monaco,Formula 1 TAG Heuer Grand Prix de Monaco 2025,KNOCKOUT,,monaco,STREET,CLOCKWISE,3.337,19,78,260.286,,,FALSE,FALSE,,,5/23/2025,11:30,5/23/2025,15:00,5/24/2025,10:30,,,,,,,5/24/2025,15:00,,,,,,
1134,2025,9,6/1/2025,13:00,6/1/2025 13:00,spain,Formula 1 Aramco Gran Premio de España 2025,KNOCKOUT,,catalunya,RACE,CLOCKWISE,4.657,14,66,307.236,,,FALSE,FALSE,,,5/30/2025,11:30,5/30/2025,15:00,5/31/2025,10:30,,,,,,,5/31/2025,14:00,,,,,,
1135,2025,10,6/15/2025,18:00,6/15/2025 18:00,canada,Formula 1 Pirelli Grand Prix du Canada 2025,KNOCKOUT,,montreal,STREET,CLOCKWISE,4.361,14,70,305.27,,,FALSE,FALSE,,,6/13/2025,17:30,6/13/2025,21:00,6/14/2025,16:30,,,,,,,6/14/2025,20:00,,,,,,
1136,2025,11,6/29/2025,13:00,6/29/2025 13:00,austria,Formula 1 MSC Cruises Austrian Grand Prix 2025,KNOCKOUT,,spielberg,RACE,CLOCKWISE,4.318,10,71,306.452,,,FALSE,FALSE,,,6/27/2025,11:30,6/27/2025,15:00,6/28/2025,10:30,,,,,,,6/28/2025,14:00,,,,,,
1137,2025,12,7/6/2025,14:00,7/6/2025 14:00,great-britain,Formula 1 Qatar Airways British Grand Prix 2025,KNOCKOUT,,silverstone,RACE,CLOCKWISE,5.891,18,52,306.198,,,FALSE,FALSE,,,7/4/2025,11:30,7/4/2025,15:00,7/5/2025,10:30,,,,,,,7/5/2025,14:00,,,,,,
1138,2025,13,7/27/2025,13:00,7/27/2025 13:00,belgium,Formula 1 Moët & Chandon Belgian Grand Prix 2025,KNOCKOUT,SPRINT_SHOOTOUT,spa-francorchamps,RACE,CLOCKWISE,7.004,19,44,308.052,,,FALSE,FALSE,,,7/25/2025,10:30,,,,,,,,,,,7/26/2025,14:00,7/25/2025,14:30,7/26/2025,10:00,,
1139,2025,14,8/3/2025,13:00,8/3/2025 13:00,hungary,Formula 1 Lenovo Hungarian Grand Prix 2025,KNOCKOUT,,hungaroring,RACE,CLOCKWISE,4.381,14,70,306.63,,,FALSE,FALSE,,,8/1/2025,11:30,8/1/2025,15:00,8/2/2025,10:30,,,,,,,8/2/2025,14:00,,,,,,
1140,2025,15,8/31/2025,13:00,8/31/2025 13:00,netherlands,Formula 1 Heineken Dutch Grand Prix 2025,KNOCKOUT,,zandvoort,RACE,CLOCKWISE,4.259,14,72,306.587,,,FALSE,FALSE,,,8/29/2025,10:30,8/29/2025,14:00,8/30/2025,9:30,,,,,,,8/30/2025,13:00,,,,,,
1141,2025,16,9/7/2025,13:00,9/7/2025 13:00,italy,Formula 1 Pirelli Gran Premio d'Italia 2025,KNOCKOUT,,monza,RACE,CLOCKWISE,5.793,11,53,306.72,,,FALSE,FALSE,,,9/5/2025,11:30,9/5/2025,15:00,9/6/2025,10:30,,,,,,,9/6/2025,14:00,,,,,,
1142,2025,17,9/21/2025,11:00,9/21/2025 11:00,azerbaijan,Formula 1 Qatar Airways Azerbaijan Grand Prix 2025,KNOCKOUT,,baku,STREET,ANTI_CLOCKWISE,6.003,20,51,306.049,,,FALSE,FALSE,,,9/19/2025,8:30,9/19/2025,12:00,9/20/2025,8:30,,,,,,,9/20/2025,12:00,,,,,,
1143,2025,18,10/5/2025,12:00,10/5/2025 12:00,singapore,Formula 1 Singapore Airlines Singapore Grand Prix 2025,KNOCKOUT,,marina-bay,STREET,ANTI_CLOCKWISE,4.94,19,62,306.143,,,FALSE,FALSE,,,10/3/2025,9:30,10/3/2025,13:00,10/4/2025,9:30,,,,,,,10/4/2025,13:00,,,,,,
1144,2025,19,10/19/2025,19:00,10/19/2025 19:00,united-states,Formula 1 MSC Cruises United States Grand Prix 2025,KNOCKOUT,SPRINT_SHOOTOUT,austin,RACE,ANTI_CLOCKWISE,5.513,20,56,308.405,,,FALSE,FALSE,,,10/17/2025,17:30,,,,,,,,,,,10/18/2025,21:00,10/17/2025,21:30,10/18/2025,17:00,,
1145,2025,20,10/26/2025,20:00,10/26/2025 20:00,mexico,Formula 1 Gran Premio de la Ciudad de México 2025,KNOCKOUT,,mexico-city,RACE,CLOCKWISE,4.304,17,71,305.354,,,FALSE,FALSE,,,10/24/2025,18:30,10/24/2025,22:00,10/25/2025,17:30,,,,,,,10/25/2025,21:00,,,,,,
1146,2025,21,11/9/2025,17:00,11/9/2025 17:00,sao-paulo,Formula 1 MSC Cruises Grande Prêmio de São Paulo 2025,KNOCKOUT,SPRINT_SHOOTOUT,interlagos,RACE,ANTI_CLOCKWISE,4.309,15,71,305.879,,,FALSE,FALSE,,,11/7/2025,14:30,,,,,,,,,,,11/8/2025,18:00,11/7/2025,18:30,11/8/2025,14:00,,
1147,2025,22,11/22/2025,4:00,11/22/2025 4:00,las-vegas,Formula 1 Heineken Las Vegas Grand Prix 2025,KNOCKOUT,,las-vegas,STREET,ANTI_CLOCKWISE,6.201,17,50,309.958,,,FALSE,FALSE,,,11/20/2025,0:30,11/20/2025,4:00,11/21/2025,0:30,,,,,,,11/21/2025,4:00,,,,,,
1148,2025,23,11/30/2025,16:00,11/30/2025 16:00,qatar,Formula 1 Qatar Airways Qatar Grand Prix 2025,KNOCKOUT,SPRINT_SHOOTOUT,lusail,RACE,CLOCKWISE,5.419,16,57,308.611,,,FALSE,FALSE,,,11/28/2025,13:30,,,,,,,,,,,11/29/2025,18:00,11/28/2025,17:30,11/29/2025,14:00,,
1149,2025,24,12/7/2025,13:00,12/7/2025 13:00,abu-dhabi,Formula 1 Etihad Airways Abu Dhabi Grand Prix 2025,KNOCKOUT,,yas-marina,RACE,ANTI_CLOCKWISE,5.281,16,58,306.183,,,FALSE,FALSE,,,12/5/2025,9:30,12/5/2025,13:00,12/6/2025,10:30,,,,,,,12/6/2025,14:00,,,,,,
